package_id,package_name
1,A3
2,abbyyR
3,abc
4,ABCanalysis
5,abc.data
6,ABCoptim
7,abcrf
8,abctools
9,abd
10,abf2
11,abind
12,abodOutlier
13,abundant
14,acc
15,accelerometry
16,AcceptanceSampling
17,ACCLMA
18,accrual
19,accrued
20,ACD
21,ACDm
22,acepack
23,acid
24,acm4r
25,acmeR
26,acnr
27,acopula
28,acp
29,aCRM
30,acs
31,acss
32,acss.data
33,ACSWR
34,ACTCD
35,Actigraphy
36,activity
37,actuar
38,ActuDistns
39,ada
40,adabag
41,adagio
42,AdapEnetClass
43,adaptDA
44,AdaptFit
45,AdaptFitOS
46,AdaptGauss
47,AdaptiveSparsity
48,adaptivetau
49,adaptMCMC
50,adaptsmoFMRI
51,adaptTest
52,addhazard
53,additivityTests
54,addreg
55,ADDT
56,ade4
57,ade4TkGUI
58,adegenet
59,adegraphics
60,adehabitat
61,adehabitatHR
62,adehabitatHS
63,adehabitatLT
64,adehabitatMA
65,adephylo
66,AdequacyModel
67,ADGofTest
68,adhoc
69,adimpro
70,adlift
71,ADM3
72,AdMit
73,ADPclust
74,ads
75,adwave
76,aemo
77,AER
78,AF
79,afex
80,AFLPsim
81,aftgee
82,AGD
83,AggregateR
84,agop
85,agRee
86,Agreement
87,agricolae
88,agridat
89,agrmt
90,AGSDest
91,agsemisc
92,ahaz
93,AHR
94,AICcmodavg
95,AID
96,aidar
97,AIM
98,Ake
99,akima
100,akmeans
101,alabama
102,ald
103,ALDqr
104,AlgDesign
105,algstat
106,alineR
107,ALKr
108,allan
109,allanvar
110,alleHap
111,allelematch
112,AlleleRetain
113,allelic
114,AllPossibleSpellings
115,alm
116,alphahull
117,alphaOutlier
118,alphashape3d
119,alr3
120,alr4
121,ALS
122,ALSCPC
123,ALTopt
124,amap
125,AMAP.Seq
126,ameco
127,amei
128,Amelia
129,amen
130,AmericanCallOpt
131,AMGET
132,aml
133,AMOEBA
134,AMORE
135,AmpliconDuo
136,anacor
137,analogsea
138,analogue
139,analogueExtra
140,analyz
141,AnalyzeFMRI
142,anametrix
143,anapuce
144,AncestryMapper
145,anchors
146,AnDE
147,andrews
148,anesrake
149,anfis
150,AnglerCreelSurveySimulation
151,animalTrack
152,animation
153,anim.plots
154,AnnotLists
155,anoint
156,ANOM
157,anominate
158,anonymizer
159,AnthropMMD
160,Anthropometry
161,AntWeb
162,aod
163,aods3
164,AOfamilies
165,aoos
166,ApacheLogProcessor
167,apaStyle
168,apaTables
169,apc
170,apcluster
171,ape
172,apex
173,aplore3
174,aplpack
175,appell
176,apple
177,AppliedPredictiveModeling
178,appnn
179,approximator
180,aprean3
181,aprof
182,APSIMBatch
183,apsimr
184,apsrtable
185,apTreeshape
186,aqfig
187,aqp
188,aqr
189,AquaEnv
190,AR1seg
191,ArArRedux
192,archdata
193,archetypes
194,archiDART
195,archivist
196,ArDec
197,arf3DS4
198,arfima
199,ArfimaMLM
200,argosfilter
201,argparse
202,argparser
203,ArgumentCheck
204,arm
205,arnie
206,aroma.apd
207,ARPobservation
208,aRpsDCA
209,arqas
210,arrayhelpers
211,ars
212,ART
213,ARTIVA
214,ARTool
215,ARTP
216,arules
217,arulesNBMiner
218,arulesSequences
219,arulesViz
220,aRxiv
221,asbio
222,ascii
223,asd
224,asdreader
225,ash
226,asht
227,ASMap
228,aspace
229,ASPBay
230,aspect
231,aSPU
232,asremlPlus
233,assertive
234,assertive.base
235,assertive.code
236,assertive.data
237,assertive.data.uk
238,assertive.data.us
239,assertive.datetimes
240,assertive.files
241,assertive.matrices
242,assertive.models
243,assertive.numbers
244,assertive.properties
245,assertive.reflection
246,assertive.sets
247,assertive.strings
248,assertive.types
249,assertr
250,assertthat
251,AssetPricing
252,assist
253,AssocTests
254,AssotesteR
255,aster
256,aster2
257,astro
258,astrochron
259,astrodatR
260,astroFns
261,astrolibR
262,astsa
263,asVPC
264,asympTest
265,AsynchLong
266,asypow
267,ATE
268,atmcmc
269,ATmet
270,AtmRay
271,aTSA
272,atsd
273,attribrisk
274,AUC
275,AUCRF
276,audio
277,audiolyzR
278,audit
279,autoencoder
280,automap
281,AutoModel
282,autopls
283,AutoregressionMDE
284,AutoSEARCH
285,autovarCore
286,awsMethods
287,aylmer
288,AzureML
289,B2Z
290,b6e6rl
291,babar
292,BaBooN
293,babynames
294,BACCO
295,backpipe
296,backtest
297,backtestGraphics
298,BACprior
299,bacr
300,BAEssd
301,Bagidis
302,bagRboostR
303,BalancedSampling
304,BaM
305,bamdit
306,BAMMtools
307,bandit
308,BANFF
309,BANOVA
310,barcode
311,Barnard
312,bartMachine
313,BAS
314,base64
315,base64enc
316,baseline
317,basicspace
318,BASIX
319,BaSTA
320,BAT
321,batade
322,batch
323,BatchExperiments
324,BatchJobs
325,batchmeans
326,batteryreduction
327,BayClone2
328,BayesBridge
329,BayesComm
330,bayescount
331,BayesCR
332,BayesDA
333,bayesDccGarch
334,BayesFactor
335,bayesGARCH
336,bayesGDS
337,BayesGESM
338,BayesianAnimalTracker
339,Bayesianbetareg
340,BayesLCA
341,bayesLife
342,BayesLogit
343,bayesm
344,bayesMCClust
345,bayesmix
346,BayesMixSurv
347,BayesNI
348,bayesPop
349,bayespref
350,bayesQR
351,bayess
352,BayesSingleSub
353,BayesSummaryStatLM
354,bayesTFR
355,Bayesthresh
356,BayesTree
357,BayesValidate
358,BayesX
359,BayesXsrc
360,BayHap
361,BayHaz
362,BaylorEdPsych
363,bayou
364,BaySIC
365,BAYSTAR
366,BB
367,bbefkr
368,bbemkr
369,BBEST
370,BBmisc
371,bbmle
372,BBMM
373,bbo
374,BBRecapture
375,bc3net
376,BCA
377,BCBCSF
378,BCDating
379,BCE
380,BCEA
381,BCEE
382,BCEs0
383,Bchron
384,Bclim
385,bclust
386,bcp
387,bcpa
388,bcpmeta
389,BCRA
390,bcRep
391,bcrm
392,bcrypt
393,bcv
394,bda
395,bde
396,BDgraph
397,bdots
398,bdpv
399,bdscale
400,bdsmatrix
401,bdvis
402,bdynsys
403,beanplot
404,BEANSP
405,BEDASSLE
406,bedr
407,beepr
408,beeswarm
409,benchden
410,benchmark
411,Benchmarking
412,benford.analysis
413,BenfordTests
414,bentcableAR
415,BEQI2
416,ber
417,Bergm
418,BerlinData
419,berryFunctions
420,BEST
421,bestglm
422,betafam
423,betalink
424,betapart
425,betaper
426,betareg
427,betas
428,betategarch
429,bethel
430,bezier
431,bfa
432,bfast
433,bfp
434,bgeva
435,bglm
436,BGLR
437,bgmm
438,BGPhazard
439,BGSIMD
440,BH
441,Bhat
442,BHH2
443,biasbetareg
444,BiasedUrn
445,bibtex
446,biclust
447,BiDimRegression
448,bifactorial
449,BIFIEsurvey
450,bigalgebra
451,biganalytics
452,bigdata
453,BIGDAWG
454,biglars
455,biglm
456,bigmemory
457,bigmemory.sri
458,bigml
459,bigpca
460,bigrf
461,bigrquery
462,bigRR
463,bigsplines
464,bigtabulate
465,BigTSP
466,bild
467,bimetallic
468,bimixt
469,Binarize
470,BinaryEPPM
471,binda
472,bindata
473,binequality
474,bingat
475,binGroup
476,binhf
477,binMto
478,BinNonNor
479,BinNor
480,binom
481,binomialcftp
482,binomlogit
483,binomSamSize
484,binomTools
485,BinOrdNonNor
486,binr
487,binseqtest
488,bio3d
489,Biodem
490,BiodiversityR
491,biogas
492,BioGeoBEARS
493,biogram
494,bio.infer
495,biom
496,BioMark
497,biomod2
498,BIOM.utils
499,bionetdata
500,BioPhysConnectoR
501,bioPN
502,biorxivr
503,bios2mds
504,biosignalEMG
505,BioStatR
506,bipartite
507,biplotbootGUI
508,BIPOD
509,birk
510,bisectr
511,bisoreg
512,bit
513,bit64
514,bitops
515,BiTrinA
516,bivarRIpower
517,biwavelet
518,biwt
519,bizdays
520,BlakerCI
521,BlandAltmanLeh
522,Blaunet
523,blavaan
524,blender
525,blighty
526,blkergm
527,blm
528,blme
529,blmeco
530,blockcluster
531,blockmatrix
532,BlockMessage
533,blockmodeling
534,blockmodels
535,blockrand
536,blocksdesign
537,blockTools
538,Blossom
539,blowtorch
540,BLR
541,blsAPI
542,BMA
543,bmd
544,bmem
545,BMhyd
546,Bmix
547,bmk
548,bmmix
549,BMN
550,bmp
551,bmrm
552,BMS
553,BNDataGenerator
554,bnlearn
555,bnormnlr
556,BNPdensity
557,BNPTSclust
558,bnstruct
559,boa
560,BOG
561,boilerpipeR
562,BOIN
563,bold
564,Bolstad
565,Bolstad2
566,boolean3
567,BoolNet
568,Boom
569,BoomSpikeSlab
570,boostr
571,boostSeq
572,bootES
573,bootLR
574,bootnet
575,BootPR
576,bootRes
577,bootruin
578,bootspecdens
579,bootsPLS
580,bootStepAIC
581,bootstrap
582,bootSVD
583,boottol
584,boral
585,Boruta
586,BoSSA
587,boussinesq
588,boxplotdbl
589,boxr
590,bpca
591,bpcp
592,bPeaks
593,bpkde
594,bqtl
595,BradleyTerry2
596,BrailleR
597,brainR
598,brainwaver
599,breakage
600,breakaway
601,breakpoint
602,bReeze
603,brew
604,brewdata
605,brglm
606,bride
607,brms
608,brnn
609,Brobdingnag
610,broman
611,broom
612,brotli
613,BSagri
614,BSDA
615,BSGS
616,BSGW
617,bshazard
618,BsMD
619,bspec
620,bspmma
621,BSquare
622,BSSasymp
623,bssn
624,bst
625,bsts
626,btergm
627,btf
628,BTLLasso
629,BTSPAS
630,BTYD
631,bujar
632,BurStFin
633,BurStMisc
634,bursts
635,bvarsv
636,bvenn
637,bvls
638,bvpSolve
639,BVS
640,bWGR
641,c060
642,c3net
643,C50
644,ca
645,cabootcrs
646,cacIRT
647,CaDENCE
648,CADFtest
649,cAIC4
650,Cairo
651,CALIBERrfimpute
652,calibrate
653,calibrator
654,CAM
655,CAMAN
656,camel
657,camtrapR
658,cancerTiming
659,candisc
660,CANSIM2R
661,cape
662,caper
663,captioner
664,captr
665,capushe
666,capwire
667,car
668,CARBayes
669,CARBayesdata
670,CARBayesST
671,carcass
672,cardidates
673,cardioModel
674,care
675,CARE1
676,caret
677,caretEnsemble
678,caribou
679,CarletonStats
680,CARLIT
681,caroline
682,cartography
683,caschrono
684,caseMatch
685,cat
686,catdata
687,CatDyn
688,catenary
689,CateSelection
690,cati
691,catIrt
692,catnet
693,caTools
694,catR
695,catspec
696,causaldrf
697,causaleffect
698,CausalFX
699,CausalGAM
700,causalsens
701,CAvariants
702,cba
703,CBPS
704,CCA
705,CCAGFA
706,ccaPP
707,cccd
708,ccChooser
709,cccp
710,cccrm
711,ccda
712,ccgarch
713,cchs
714,cclust
715,CCM
716,CCP
717,CCpop
718,CCTpack
719,cda
720,cdb
721,cdcfluview
722,cdcsis
723,CDFt
724,CDLasso
725,CDM
726,CDNmoney
727,CDVine
728,CEC
729,cec2005benchmark
730,cec2013
731,CEGO
732,celestial
733,cellranger
734,CellularAutomaton
735,cellVolumeDist
736,cem
737,CensMixReg
738,censNID
739,censReg
740,CensRegMod
741,cents
742,CEoptim
743,CePa
744,cepp
745,CerioliOutlierDetection
746,cernn
747,cfa
748,CFC
749,CfEstimateQuantiles
750,cg
751,cgam
752,cgAUC
753,cgdsr
754,cggd
755,cgh
756,cghFLasso
757,cghseg
758,CGP
759,cgwtools
760,ChainLadder
761,changepoint
762,ChannelAttribution
763,ChargeTransport
764,CHCN
765,cheb
766,chebpol
767,CheckDigit
768,checkmate
769,checkpoint
770,cheddar
771,chemCal
772,chemometrics
773,ChemometricsWithR
774,ChemometricsWithRData
775,chemosensors
776,ChemoSpec
777,cherry
778,childsds
779,chillR
780,chipPCR
781,chngpt
782,CHNOSZ
783,choiceDes
784,ChoiceModelR
785,choplump
786,chopthin
787,chords
788,choroplethr
789,choroplethrAdmin1
790,choroplethrMaps
791,chromer
792,chromoR
793,chron
794,CHsharp
795,chunked
796,CIDnetworks
797,CIFsmry
798,cin
799,CINID
800,CINOEDV
801,CircE
802,circlize
803,CircNNTSR
804,CircOutlier
805,CircStats
806,circular
807,citbcmst
808,citccmst
809,CityPlot
810,cjoint
811,ckanr
812,Ckmeans.1d.dp
813,Claddis
814,cladoRcpp
815,ClamR
816,classifly
817,classify
818,classInt
819,classyfire
820,clere
821,clhs
822,ClickClust
823,clickstream
824,clifro
825,ClimClass
826,climdex.pcic
827,clime
828,climtrends
829,climwin
830,clinfun
831,clinsig
832,clinUtiDNA
833,clipr
834,clisymbols
835,CLME
836,clogitL1
837,cloudUtil
838,CLSOCP
839,clttools
840,clue
841,ClueR
842,clues
843,clusterCrit
844,cluster.datasets
845,clustergas
846,clusterGeneration
847,clusterGenomics
848,clustering.sc.dp
849,clusterPower
850,clusterRepro
851,clusterSEs
852,clusterSim
853,ClusterStability
854,clustertend
855,clusteval
856,ClustGeo
857,clustMD
858,ClustMMDD
859,ClustOfVar
860,clustrd
861,clustsig
862,ClustVarLV
863,clustvarsel
864,clv
865,clValid
866,cmaes
867,CMC
868,CMF
869,cmm
870,CMPControl
871,CMplot
872,cmprsk
873,cmrutils
874,cmvnorm
875,cna
876,cncaGUI
877,cnmlcd
878,CNOGpro
879,CNprep
880,CNVassoc
881,CNVassocData
882,coala
883,coalescentMCMC
884,coarseDataTools
885,COBRA
886,cobs
887,cocor
888,cocorresp
889,cocron
890,coda
891,codadiags
892,cOde
893,codep
894,codyn
895,coefficientalpha
896,coefplot
897,coenocliner
898,coexist
899,coin
900,CoinMinD
901,cold
902,CollocInfer
903,coloc
904,coloredICA
905,colorfulVennPlot
906,colorhcplot
907,ColorPalette
908,colorRamps
909,colorscience
910,colorspace
911,colortools
912,colourlovers
913,comato
914,COMBIA
915,combinat
916,Combine
917,CombinePValue
918,CombinS
919,CombMSC
920,comclim
921,cometExactTest
922,commandr
923,commentr
924,CommonJavaJars
925,commonmark
926,CommonTrend
927,CommT
928,COMMUNAL
929,CommunityCorrelogram
930,Comp2ROC
931,compactr
932,compare
933,compareC
934,CompareCausalNetworks
935,compareGroups
936,compareODM
937,CompareTests
938,comparison
939,compeir
940,CompGLM
941,compHclust
942,Compind
943,ComplexAnalysis
944,complmrob
945,CompLognormal
946,compoisson
947,COMPoissonReg
948,compositions
949,compound.Cox
950,Compounding
951,CompQuadForm
952,CompR
953,CompRandFld
954,compute.es
955,Conake
956,ConConPiWiFun
957,concor
958,concreg
959,cond
960,condGEE
961,condmixt
962,condMVNorm
963,CondReg
964,coneproj
965,conf.design
966,confidence
967,conformal
968,confreq
969,conicfit
970,conics
971,conjoint
972,ConjointChecks
973,ConnMatTools
974,conover.test
975,ConSpline
976,ConsRank
977,contfrac
978,conting
979,contoureR
980,contrast
981,controlTest
982,ConvCalendar
983,ConvergenceConcepts
984,convevol
985,convoSPAT
986,cooccur
987,cooptrees
988,COPASutils
989,copBasic
990,copCAR
991,cope
992,Copula.Markov
993,CopulaREMADA
994,CopyDetect
995,CopyNumber450kCancer
996,corclass
997,corcounts
998,cord
999,CORE
1000,CORElearn
1001,coreNLP
1002,coreTDT
1003,corHMM
1004,corpcor
1005,corpora
1006,CorrBin
1007,CorReg
1008,corregp
1009,correlate
1010,Correlplot
1011,corrgram
1012,CorrMixed
1013,corrplot
1014,corrsieve
1015,corTools
1016,COSINE
1017,cosinor
1018,cosmoFns
1019,CosmoPhotoz
1020,cosmosR
1021,costat
1022,cotrend
1023,couchDB
1024,COUNT
1025,countrycode
1026,CountsEPPM
1027,covBM
1028,covLCA
1029,covmat
1030,covr
1031,covreg
1032,covRobust
1033,CovSel
1034,covTest
1035,cowplot
1036,cowsay
1037,CoxBoost
1038,coxinterval
1039,coxme
1040,Coxnet
1041,coxphf
1042,coxphw
1043,CoxPlus
1044,CoxRidge
1045,coxrobust
1046,coxsei
1047,CP
1048,cpa
1049,cpca
1050,CPE
1051,CpGassoc
1052,cpgen
1053,CpGFilter
1054,CPHshape
1055,cpk
1056,cplm
1057,cpm
1058,CPMCGLM
1059,Cprob
1060,cqrReg
1061,cquad
1062,CR
1063,CRAC
1064,crackR
1065,cramer
1066,crank
1067,cranlogs
1068,crantastic
1069,crawl
1070,crayon
1071,crblocks
1072,crch
1073,CreditMetrics
1074,creditr
1075,credule
1076,crimCV
1077,crimelinkage
1078,CRM
1079,crn
1080,crop
1081,crossdes
1082,crossmatch
1083,crossReg
1084,crossval
1085,crp.CSFP
1086,crqa
1087,crrp
1088,crrSC
1089,crrstep
1090,crs
1091,crskdiag
1092,CRTSize
1093,crunch
1094,csampling
1095,cSFM
1096,cshapes
1097,cslogistic
1098,csn
1099,csrplus
1100,csSAM
1101,cstar
1102,csvread
1103,ctmcmove
1104,cts
1105,ctsem
1106,CTT
1107,CTTShiny
1108,ctv
1109,cubature
1110,cubfits
1111,Cubist
1112,cudaBayesregData
1113,cudia
1114,CUMP
1115,cumplyr
1116,cumSeg
1117,curl
1118,currentSurvival
1119,curvetest
1120,cusp
1121,cutoffR
1122,cuttlefish.model
1123,cvAUC
1124,CVcalibration
1125,cvplogistic
1126,cvq2
1127,CVST
1128,CVThresh
1129,cvTools
1130,CVTuningCov
1131,cvxbiclustr
1132,cvxclustr
1133,cwhmisc
1134,cwm
1135,cxxfunplus
1136,cycleRtools
1137,cycloids
1138,cymruservices
1139,cyphid
1140,cytoDiv
1141,d3heatmap
1142,D3M
1143,d3Network
1144,DAAG
1145,DAAGxtras
1146,dae
1147,daewr
1148,dafs
1149,dagR
1150,Daim
1151,DAISIE
1152,DAKS
1153,DALY
1154,DAMisc
1155,DAMOCLES
1156,dams
1157,DandEFA
1158,darch
1159,Dark
1160,darts
1161,dashboard
1162,DatABEL
1163,datacheck
1164,DataCombine
1165,dataframes2xls
1166,datafsm
1167,DataLoader
1168,datamap
1169,datamart
1170,dataonderivatives
1171,dataQualityR
1172,dataRetrieval
1173,datastepr
1174,data.table
1175,data.tree
1176,datautils
1177,dataview
1178,date
1179,DATforDCEMRI
1180,dave
1181,Davies
1182,dawai
1183,dbarts
1184,dbEmpLikeGOF
1185,dbEmpLikeNorm
1186,DBGSA
1187,DBI
1188,dblcens
1189,dbmss
1190,db.r
1191,dbscan
1192,dbstats
1193,dcemriS4
1194,DCL
1195,dclone
1196,DCluster
1197,dcmle
1198,dcmr
1199,dcv
1200,ddalpha
1201,DDD
1202,ddeploy
1203,DDHFm
1204,DDIwR
1205,ddR
1206,ddst
1207,deal
1208,deamer
1209,debug
1210,decctools
1211,DECIDE
1212,decisionSupport
1213,decode
1214,decompr
1215,decon
1216,deducorrect
1217,deepnet
1218,DEEPR
1219,deformula
1220,degenes
1221,degreenet
1222,Delaporte
1223,deldir
1224,delt
1225,deltaPlotR
1226,Demerelate
1227,DEMEtics
1228,deming
1229,demography
1230,demoKde
1231,dendextend
1232,dendextendRcpp
1233,dendroextras
1234,DendSer
1235,dendsort
1236,denovolyzeR
1237,denpro
1238,densityClust
1239,Density.T.HoldOut
1240,denstrip
1241,DEoptim
1242,DEoptimR
1243,depend.truncation
1244,depmix
1245,depmixS4
1246,depth
1247,DepthProc
1248,depthTools
1249,dequer
1250,Deriv
1251,descomponer
1252,descr
1253,DescribeDisplay
1254,describer
1255,DescTools
1256,deseasonalize
1257,designGG
1258,desiR
1259,desirability
1260,desire
1261,DESnowball
1262,deSolve
1263,detect
1264,detector
1265,deTestSet
1266,DetMCD
1267,detrendeR
1268,DetSel
1269,devEMF
1270,Devore7
1271,devtools
1272,df2json
1273,dfcomb
1274,dfcrm
1275,dfexplore
1276,DFIT
1277,dfmta
1278,dfoptim
1279,dga
1280,dglars
1281,dglm
1282,dgmb
1283,dgof
1284,dhglm
1285,diagonals
1286,diagram
1287,DiagrammeR
1288,DiagTest3Grp
1289,diaplt
1290,dice
1291,DiceDesign
1292,DiceEval
1293,DiceKriging
1294,DiceOptim
1295,DiceView
1296,dichromat
1297,dicionariosIBGE
1298,dielectric
1299,diezeit
1300,DIFboost
1301,diffdepprop
1302,diffEq
1303,diffIRT
1304,diffractometry
1305,diffusionMap
1306,DiffusionRgqd
1307,DIFlasso
1308,difR
1309,DIFtree
1310,digest
1311,Digiroo2
1312,digitalPCR
1313,dils
1314,DIME
1315,dinamic
1316,diptest
1317,DIRECT
1318,directlabels
1319,directPA
1320,DirichletReg
1321,dirmult
1322,Disake
1323,disclap
1324,disclapmix
1325,DiscML
1326,DiscreteInverseWeibull
1327,DiscreteLaplace
1328,discreteMTP
1329,discreteRV
1330,DiscreteWeibull
1331,discretization
1332,discrimARTs
1333,DiscriMiner
1334,discSurv
1335,diseasemapping
1336,dismo
1337,disp2D
1338,disparityfilter
1339,displayHTS
1340,dispmod
1341,disposables
1342,dissUtils
1343,Distance
1344,DistatisR
1345,distcomp
1346,distfree.cr
1347,distillery
1348,distory
1349,distr
1350,distrDoc
1351,distrEllipse
1352,distrEx
1353,DistributionUtils
1354,distrMod
1355,distrom
1356,distrRmetrics
1357,distrSim
1358,distrTeach
1359,distrTEst
1360,diveMove
1361,diverse
1362,diveRsity
1363,DiversitySampler
1364,DivMelt
1365,divo
1366,dixon
1367,DJL
1368,dkDNA
1369,dlm
1370,dlmap
1371,dlmodeler
1372,DLMtool
1373,dlnm
1374,dma
1375,dml
1376,dmm
1377,dMod
1378,DMR
1379,dmt
1380,DMwR
1381,dna
1382,DNAprofiles
1383,DNAtools
1384,DnE
1385,DNMF
1386,DOBAD
1387,doBy
1388,docopt
1389,docopulae
1390,documair
1391,docxtractr
1392,Dodge
1393,DoE.base
1394,DoE.wrapper
1395,doMC
1396,Dominance
1397,domino
1398,doParallel
1399,doRedis
1400,doRNG
1401,DoseFinding
1402,doSNOW
1403,dosresmeta
1404,dostats
1405,dotenv
1406,dotwhisker
1407,DoubleCone
1408,DoubleExpSeq
1409,DOvalidation
1410,Dowd
1411,downloader
1412,dpa
1413,dpcR
1414,dpglasso
1415,dplR
1416,dplRCon
1417,dplyr
1418,dpmixsim
1419,dpmr
1420,DPpackage
1421,DPw
1422,dr
1423,drat
1424,drawExpression
1425,drc
1426,drfit
1427,drgee
1428,DRIP
1429,drLumi
1430,drm
1431,drmdel
1432,dropR
1433,ds
1434,dsample
1435,DSBayes
1436,dse
1437,DSL
1438,dslice
1439,dsm
1440,DSsim
1441,dst
1442,DStree
1443,DSviaDRM
1444,DT
1445,DTComPair
1446,DTDA
1447,DTK
1448,DTMCPack
1449,DTR
1450,DTRlearn
1451,dtt
1452,dtw
1453,dtwclust
1454,dtwSat
1455,dualScale
1456,dummies
1457,dummy
1458,DunnettTests
1459,dunn.test
1460,dupiR
1461,dvfBm
1462,DVHmetrics
1463,dvn
1464,dygraphs
1465,DYM
1466,dyn
1467,DynamicDistribution
1468,dynamicGraph
1469,dynamicTreeCut
1470,dynaTree
1471,dynBiplotGUI
1472,DynClust
1473,dynCorr
1474,dynia
1475,dynlm
1476,DynNom
1477,dynpred
1478,dynRB
1479,dynsim
1480,dynsurv
1481,DynTxRegime
1482,e1071
1483,eaf
1484,earlywarnings
1485,earth
1486,EasyABC
1487,easyanova
1488,EasyHTMLReport
1489,EasyMARK
1490,easynls
1491,EasyStrata
1492,easyVerification
1493,eba
1494,ebal
1495,EbayesThresh
1496,ebdbNet
1497,EBEN
1498,ebGenotyping
1499,EBglmnet
1500,EBMAforecast
1501,EBS
1502,ebSNP
1503,Ecdat
1504,ecespa
1505,Ecfun
1506,ecipex
1507,eco
1508,ecodist
1509,ecoengine
1510,EcoHydRology
1511,ecolMod
1512,ecoreg
1513,ecoretriever
1514,ecosim
1515,EcoSimR
1516,ecospat
1517,ecotoxicology
1518,EcoTroph
1519,ecoval
1520,EcoVirtual
1521,ecp
1522,edcc
1523,edeR
1524,edesign
1525,EDFIR
1526,edgar
1527,EDISON
1528,EditImputeCont
1529,editrules
1530,EDR
1531,edrGraphicalTools
1532,eegAnalysis
1533,eegkit
1534,eegkitdata
1535,eel
1536,EEM
1537,EFDR
1538,EffectLiteR
1539,effects
1540,EffectsRelBaseline
1541,EffectStars
1542,EffectTreat
1543,efflog
1544,effsize
1545,ega
1546,egcm
1547,eggCounts
1548,egonet
1549,EGRET
1550,EGRETci
1551,eha
1552,eHOF
1553,EIAdata
1554,eigeninv
1555,eigenmodel
1556,eigenprcomp
1557,EILA
1558,eiPack
1559,eive
1560,eiwild
1561,EL
1562,elasso
1563,elastic
1564,elasticnet
1565,elec
1566,elec.strat
1567,ElemStatLearn
1568,elliplot
1569,ellipse
1570,elliptic
1571,elmNN
1572,EloChoice
1573,EloRating
1574,elrm
1575,ElstonStewart
1576,ELT
1577,ELYP
1578,embryogrowth
1579,EMC
1580,EMCC
1581,EMCluster
1582,EMD
1583,emdbook
1584,emdist
1585,emg
1586,emil
1587,emIRT
1588,emma
1589,EMMAgeo
1590,emme2
1591,EMMIXcontrasts
1592,EMMIXskew
1593,EMMIXuskew
1594,EMMREML
1595,emoa
1596,emov
1597,EMP
1598,emplik
1599,emplik2
1600,EMT
1601,emulator
1602,EMVC
1603,enaR
1604,endogMNP
1605,endorse
1606,energy
1607,english
1608,EngrExpt
1609,enigma
1610,ENiRG
1611,ENMeval
1612,ENmisc
1613,enpls
1614,EnQuireR
1615,enRich
1616,enrichvs
1617,EnsembleBase
1618,ensembleBMA
1619,EnsembleCV
1620,ensembleMOS
1621,EnsemblePCReg
1622,EnsemblePenReg
1623,ensurer
1624,entropart
1625,entropy
1626,EntropyEstimation
1627,EntropyExplorer
1628,enviPat
1629,enviPick
1630,EnviroStat
1631,EnvNicheR
1632,EnvStats
1633,epade
1634,epandist
1635,epanetReader
1636,EPGLM
1637,Epi
1638,epibasix
1639,EpiBayes
1640,EpiContactTrace
1641,epiDisplay
1642,EpiDynamics
1643,EpiEstim
1644,epifit
1645,EpiModel
1646,epinet
1647,epiR
1648,episensr
1649,episplineDensity
1650,epitools
1651,Eplot
1652,epr
1653,EQL
1654,eqs2lavaan
1655,eqtl
1656,equate
1657,equateIRT
1658,equivalence
1659,erboost
1660,erer
1661,ergm
1662,ergm.count
1663,ergm.graphlets
1664,ergmharris
1665,ergm.userterms
1666,eRm
1667,ERP
1668,erp.easy
1669,ES
1670,esaBcv
1671,ESEA
1672,ESG
1673,ESGtoolkit
1674,ESKNN
1675,EstCRM
1676,EstHer
1677,estimability
1678,estout
1679,EstSimPDMP
1680,etable
1681,ETAS
1682,etasFLP
1683,ETC
1684,ETLUtils
1685,etm
1686,etma
1687,eurostat
1688,EvalEst
1689,evaluate
1690,Evapotranspiration
1691,EvCombR
1692,evd
1693,evdbayes
1694,eVenn
1695,eventInterval
1696,events
1697,eventstudies
1698,evir
1699,evobiR
1700,evolqg
1701,evolvability
1702,EvoRAG
1703,evt0
1704,evtree
1705,EW
1706,EWGoF
1707,Exact
1708,exact2x2
1709,exactci
1710,ExactCIdiff
1711,exactLoglinTest
1712,exactmeta
1713,ExactPath
1714,exactRankTests
1715,exams
1716,ExceedanceTools
1717,exCon
1718,excursions
1719,expands
1720,ExpDes
1721,ExpDes.pt
1722,expectreg
1723,experiment
1724,expert
1725,ExplainPrediction
1726,expm
1727,expoRkit
1728,ExPosition
1729,expoTree
1730,expsmooth
1731,exptest
1732,exsic
1733,ExtDist
1734,extfunnel
1735,extlasso
1736,extraBinomial
1737,extracat
1738,extrafont
1739,extrafontdb
1740,extraTrees
1741,ExtremeBounds
1742,extRemes
1743,extremevalues
1744,extremogram
1745,extWeibQuant
1746,eyetracking
1747,ez
1748,ezglm
1749,ezsim
1750,ezsummary
1751,FacPad
1752,FactMixtAnalysis
1753,FactoClass
1754,FactoMineR
1755,factorplot
1756,factorQR
1757,Factoshiny
1758,FACTscorer
1759,factualR
1760,FADA
1761,FAdist
1762,Fahrmeir
1763,fail
1764,faisalconjoint
1765,falcon
1766,falsy
1767,fame
1768,Familias
1769,FAMILY
1770,FAmle
1771,fanc
1772,fANCOVA
1773,fanovaGraph
1774,fanplot
1775,FAOSTAT
1776,faoutlier
1777,far
1778,faraway
1779,fArma
1780,farsi
1781,fAsianOptions
1782,fAssets
1783,fast
1784,FastBandChol
1785,fastclime
1786,fastcluster
1787,fastcox
1788,fastdigest
1789,fastGHQuad
1790,FastGP
1791,FastHCS
1792,fastHICA
1793,fastICA
1794,FastImputation
1795,FastKNN
1796,fastM
1797,fastmatch
1798,FastPCS
1799,fastpseudo
1800,fastR
1801,FastRCS
1802,FastRWeb
1803,fastSOM
1804,fasttime
1805,fat2Lpoly
1806,FatTailsR
1807,favnums
1808,fBasics
1809,fbati
1810,FBFsearch
1811,FBN
1812,fBonds
1813,fbRanks
1814,fbroc
1815,fcd
1816,fCertificates
1817,FCGR
1818,fclust
1819,FCMapper
1820,FCNN4R
1821,fCopulae
1822,fcros
1823,FD
1824,fda
1825,fdakma
1826,fdaMixed
1827,fdasrvf
1828,fdatest
1829,fda.usc
1830,FDboost
1831,FDGcopulas
1832,fdrci
1833,FDRreg
1834,fdrtool
1835,fds
1836,fdth
1837,FeaLect
1838,feature
1839,FeatureHashing
1840,features
1841,fechner
1842,federalregister
1843,FENmlm
1844,fermicatsR
1845,fExoticOptions
1846,fExpressCertificates
1847,fExtremes
1848,ff
1849,ffbase
1850,FFD
1851,FField
1852,ffmanova
1853,fgac
1854,FGalgorithm
1855,fGarch
1856,Fgmutils
1857,FGN
1858,fgof
1859,fgpt
1860,FGSG
1861,fgui
1862,fheatmap
1863,FI
1864,FIACH
1865,fICA
1866,fields
1867,FieldSim
1868,fifer
1869,filehash
1870,filehashSQLite
1871,filematrix
1872,filenamer
1873,fImport
1874,financial
1875,FinancialInstrument
1876,FinAsym
1877,FinCal
1878,FinCovRegularization
1879,FindAllRoots
1880,FindIt
1881,FindMinIC
1882,findpython
1883,fingerprint
1884,finiteruinprob
1885,FinTS
1886,FisherEM
1887,fisheyeR
1888,FisHiCal
1889,fishmethods
1890,fishMod
1891,fishmove
1892,FitAR
1893,FitARMA
1894,fitbitScraper
1895,fitdistrplus
1896,fitDRC
1897,fit.models
1898,FITSio
1899,fitTetra
1900,FKF
1901,flam
1902,flare
1903,flashClust
1904,flexclust
1905,flexCWM
1906,flexmix
1907,FlexParamCurve
1908,flexPM
1909,flexsurv
1910,FLIM
1911,flip
1912,FLLat
1913,flora
1914,flower
1915,flowfield
1916,flowr
1917,flows
1918,FLR
1919,flsa
1920,FLSSS
1921,Flury
1922,flux
1923,fma
1924,FME
1925,fmri
1926,fmsb
1927,FMStable
1928,fmt
1929,fMultivar
1930,FNN
1931,fNonlinear
1932,foba
1933,fontcm
1934,foodweb
1935,fOptions
1936,forams
1937,foreach
1938,ForeCA
1939,forecast
1940,forecTheta
1941,forensic
1942,forensim
1943,forestFloor
1944,forestplot
1945,ForImp
1946,ForIT
1947,FormalSeries
1948,formatR
1949,Formula
1950,formula.tools
1951,fortunes
1952,forward
1953,ForwardSearch
1954,fossil
1955,fourPNO
1956,FourScores
1957,fpc
1958,fpca
1959,fpCompare
1960,FPDclustering
1961,fpow
1962,fpp
1963,fptdApprox
1964,fracdiff
1965,fracprolif
1966,fractal
1967,fractaldim
1968,FractalParameterEstimation
1969,fractalrock
1970,FRACTION
1971,Fragman
1972,frailtyHL
1973,frailtypack
1974,frailtySurv
1975,frair
1976,Frames2
1977,FRB
1978,frbs
1979,FRCC
1980,freeknotsplines
1981,FreeSortR
1982,freestats
1983,fRegression
1984,FREQ
1985,freqdom
1986,freqMAP
1987,freqparcoord
1988,freqweights
1989,FRESA.CAD
1990,FrF2
1991,FrF2.catlg128
1992,frm
1993,frmhet
1994,frmpd
1995,frontier
1996,frontiles
1997,frt
1998,FSA
1999,FSAdata
2000,fscaret
2001,FSelector
2002,fsia
2003,FSInteract
2004,fslr
2005,fso
2006,fSRM
2007,FTICRMS
2008,ftnonpar
2009,fTrading
2010,fts
2011,ftsa
2012,ftsspec
2013,fueleconomy
2014,fugeR
2015,fulltext
2016,fun
2017,FunChisq
2018,FunCluster
2019,Funclustering
2020,FuncMap
2021,functional
2022,functools
2023,funcy
2024,funFEM
2025,fungible
2026,funHDDC
2027,fUnitRoots
2028,funr
2029,funreg
2030,funtimes
2031,FusedPCA
2032,futile.any
2033,futile.logger
2034,futile.matrix
2035,futile.options
2036,futile.paradigm
2037,future
2038,fuzzyFDR
2039,FuzzyNumbers
2040,fuzzyRankTests
2041,FuzzyStatProb
2042,FuzzyToolkitUoN
2043,fwdmsa
2044,FWDselect
2045,fwi.fbp
2046,fwsim
2047,fxregime
2048,G1DBN
2049,G2Sd
2050,GA
2051,GA4Stratification
2052,GAabbreviate
2053,GABi
2054,GAD
2055,GaDiFPT
2056,gains
2057,GAIPE
2058,galts
2059,gam
2060,gamair
2061,gambin
2062,GAMBoost
2063,gamboostLSS
2064,gamboostMSM
2065,gamclass
2066,games
2067,GameTheory
2068,gamlr
2069,gamlss
2070,gamlss.add
2071,gamlss.cens
2072,gamlss.data
2073,gamlss.dist
2074,gamlss.mx
2075,gamlss.nl
2076,gamlss.spatial
2077,gamlss.tr
2078,gamlss.util
2079,gamm4
2080,Gammareg
2081,gammSlice
2082,gamsel
2083,GANPA
2084,GANPAdata
2085,gaoptim
2086,gap
2087,gapmap
2088,gapminder
2089,GAR
2090,gaselect
2091,gaston
2092,gaussDiff
2093,gaussquad
2094,gazepath
2095,gb
2096,GB2
2097,gbm
2098,gbm2sas
2099,gbRd
2100,GCAI.bias
2101,gCat
2102,gcbd
2103,GCD
2104,gcdnet
2105,gclus
2106,gcmr
2107,gconcord
2108,gcookbook
2109,GCPM
2110,GDAdata
2111,gdata
2112,g.data
2113,GDAtools
2114,GDELTtools
2115,gdistance
2116,gdm
2117,gdtools
2118,gee
2119,geeM
2120,geepack
2121,geesmv
2122,geigen
2123,geiger
2124,gelnet
2125,gems
2126,gemtc
2127,gemtc.jar
2128,GenABEL
2129,GenABEL.data
2130,genalg
2131,genasis
2132,GenBinomApps
2133,GenCAT
2134,gendata
2135,gender
2136,genderizeR
2137,gendist
2138,GENEAread
2139,GeneCycle
2140,GeneF
2141,GeneFeST
2142,Geneland
2143,geneListPie
2144,GeneNet
2145,genepi
2146,GeneralizedHyperbolic
2147,GeneralOaxaca
2148,generator
2149,GeneReg
2150,geneSignatureFinder
2151,genetics
2152,GeneticSubsetter
2153,GenForImp
2154,GenKern
2155,genlasso
2156,GENLIB
2157,genMOSS
2158,genMOSSplus
2159,genoPlotR
2160,GenOrd
2161,genpathmox
2162,genridge
2163,GenSA
2164,gensemble
2165,genSurv
2166,GenWin
2167,geo
2168,geoBayes
2169,GeoBoxplot
2170,geocodeHERE
2171,GeoDE
2172,geofd
2173,GeoGenetix
2174,geoknife
2175,GeoLight
2176,GEOmap
2177,geomapdata
2178,geometry
2179,geomorph
2180,geonames
2181,geophys
2182,geoR
2183,geoRglm
2184,geoscale
2185,geosphere
2186,geostatsp
2187,geotools
2188,geozoo
2189,GERGM
2190,GESTr
2191,getopt
2192,GetoptLong
2193,GetR
2194,gets
2195,gettingtothebottom
2196,GEVcdn
2197,GEVStableGarch
2198,GGally
2199,ggdendro
2200,GGEBiplotGUI
2201,ggenealogy
2202,ggExtra
2203,ggfortify
2204,GGIR
2205,gglasso
2206,ggm
2207,ggmap
2208,ggmcmc
2209,GGMselect
2210,ggparallel
2211,ggplot2
2212,ggplot2movies
2213,ggRandomForests
2214,ggROC
2215,ggsn
2216,ggsubplot
2217,ggswissmaps
2218,ggtern
2219,ggthemes
2220,ggvis
2221,GHQp
2222,ghyp
2223,GiANT
2224,GibbsACOV
2225,gibbs.met
2226,GIGrvg
2227,GillespieSSA
2228,gimme
2229,gimms
2230,gIPFrm
2231,giRaph
2232,gistr
2233,git2r
2234,Giza
2235,gkmSVM
2236,glamlasso
2237,glarma
2238,glasso
2239,glba
2240,glcm
2241,gld
2242,GLDEX
2243,gldist
2244,GLDreg
2245,glinternet
2246,gllm
2247,glm2
2248,glmc
2249,glmdm
2250,glmgraph
2251,glmlep
2252,glmm
2253,glmmBUGS
2254,glmmLasso
2255,glmmML
2256,glmnet
2257,glmnetcr
2258,glmpath
2259,glmpathcr
2260,glmulti
2261,glmvsd
2262,glmx
2263,globalboosttest
2264,GlobalDeviance
2265,GlobalFit
2266,globalGSA
2267,GlobalOptions
2268,globalOptTests
2269,globals
2270,glogis
2271,glrt
2272,GLSME
2273,glycanr
2274,gmailr
2275,gmapsdistance
2276,GMCM
2277,GMD
2278,GMDH
2279,Gmisc
2280,gmm
2281,GMMBoost
2282,gmnl
2283,gmodels
2284,gmp
2285,gmt
2286,gmum.r
2287,gMWT
2288,GNE
2289,gnm
2290,gnmf
2291,gnumeric
2292,goalprog
2293,gof
2294,GoFKernel
2295,goft
2296,goftest
2297,gogarch
2298,googleAuthR
2299,googlePublicData
2300,googlesheets
2301,googleVis
2302,GOplot
2303,goric
2304,govStatJPN
2305,gpairs
2306,GPareto
2307,GPArotation
2308,GPC
2309,gPCA
2310,gpclib
2311,GPCSIV
2312,gPdtest
2313,GPFDA
2314,GPfit
2315,gpk
2316,gplm
2317,gplots
2318,GPLTR
2319,gpmap
2320,gpr
2321,gProfileR
2322,GPseq
2323,gptk
2324,GPvam
2325,gquad
2326,Grace
2327,grade
2328,GRaF
2329,gramEvol
2330,GRANBase
2331,granova
2332,granovaGG
2333,gRapfa
2334,GrapheR
2335,graphicalVAR
2336,graphicsQC
2337,GraphPCA
2338,graphscan
2339,GrassmannOptim
2340,graticule
2341,greport
2342,greyzoneSurv
2343,gridBase
2344,gridExtra
2345,gridGraphics
2346,gridSVG
2347,GriegSmith
2348,grImport
2349,grnn
2350,groc
2351,grofit
2352,grouped
2353,groupRemMap
2354,GroupSeq
2355,growcurves
2356,growfunctions
2357,growthmodels
2358,growthrate
2359,grplasso
2360,grppenalty
2361,grpreg
2362,grpregOverlap
2363,grt
2364,GRTo
2365,GSA
2366,gsalib
2367,gsarima
2368,gsbDesign
2369,gsDesign
2370,GSE
2371,gSeg
2372,gset
2373,gsg
2374,gsheet
2375,gskat
2376,GSM
2377,gsmoothr
2378,gss
2379,gsscopu
2380,GSSE
2381,gstat
2382,gsubfn
2383,gsw
2384,GsymPoint
2385,gtable
2386,gtcorr
2387,gte
2388,gtools
2389,gtop
2390,gtx
2391,GuardianR
2392,Guerry
2393,GUILDS
2394,gumbel
2395,GUniFrac
2396,GUTS
2397,gvc
2398,gvcm.cat
2399,gvlma
2400,GWAF
2401,GWASExactHW
2402,gwerAM
2403,GWG
2404,gWidgets
2405,gWidgets2
2406,gWidgets2tcltk
2407,gWidgetstcltk
2408,GWLelast
2409,GWmodel
2410,GWRM
2411,gwrr
2412,GWsignif
2413,GxM
2414,h2o
2415,haarfisz
2416,HadoopStreaming
2417,hamlet
2418,HandTill2001
2419,Hankel
2420,hapassoc
2421,HapEstXXR
2422,HAPim
2423,Haplin
2424,haplo.ccs
2425,HaploSim
2426,haplo.stats
2427,haplotypes
2428,HAP.ROR
2429,HardyWeinberg
2430,HarmonicRegression
2431,harvestr
2432,Harvest.Tree
2433,hash
2434,hashFunction
2435,hashids
2436,hashr
2437,haven
2438,hawkes
2439,hazus
2440,HBglm
2441,hbim
2442,hbm
2443,hbmem
2444,hbsae
2445,HBSTM
2446,hcc
2447,hcci
2448,hcp
2449,hda
2450,HDclassif
2451,hdeco
2452,HDGLM
2453,hdi
2454,hdlm
2455,HDMD
2456,hdnom
2457,HDPenReg
2458,hdrcde
2459,HDtweedie
2460,HEAT
2461,heatex
2462,heatmap3
2463,heatmapFit
2464,heatmap.plus
2465,heavy
2466,helloJavaWorld
2467,HelpersMG
2468,helsinki
2469,heplots
2470,hergm
2471,heritability
2472,hermite
2473,hett
2474,het.test
2475,hexbin
2476,hexView
2477,hflights
2478,hgam
2479,hglasso
2480,hglm
2481,hglm.data
2482,hgm
2483,HGNChelper
2484,HHG
2485,hht
2486,HI
2487,HiClimR
2488,hiddenf
2489,HiddenMarkov
2490,HiDimDA
2491,hierband
2492,hierDiversity
2493,hierfstat
2494,hierNet
2495,hier.part
2496,hiertest
2497,HIest
2498,highD2pop
2499,HighDimOut
2500,highfrequency
2501,highlight
2502,highr
2503,highTtest
2504,hillmakeR
2505,HiLMM
2506,hindexcalculator
2507,hint
2508,hiPOD
2509,hisemi
2510,hisse
2511,HistData
2512,HistDAWass
2513,histmdl
2514,histogram
2515,HistogramTools
2516,historydata
2517,hit
2518,hitandrun
2519,hive
2520,HiveR
2521,HIV.LifeTables
2522,HK80
2523,HLMdiag
2524,HLSM
2525,HMDHFDplus
2526,hmeasure
2527,Hmisc
2528,HMM
2529,HMMCont
2530,hmm.discnp
2531,hmmm
2532,HMMpa
2533,HMP
2534,HMPTrees
2535,HMR
2536,hnp
2537,hoa
2538,hoardeR
2539,holdem
2540,Holidays
2541,homals
2542,homeR
2543,homtest
2544,hornpa
2545,hot.deck
2546,Hotelling
2547,hotspot
2548,hotspots
2549,howmany
2550,HPbayes
2551,hpcwld
2552,hqmisc
2553,hqreg
2554,HRM
2555,hrr
2556,HSAUR
2557,HSAUR2
2558,HSAUR3
2559,hSDM
2560,hsicCCA
2561,hsmm
2562,hsphase
2563,HSROC
2564,HSSVD
2565,htmltab
2566,htmlTable
2567,htmltools
2568,HTMLUtils
2569,htmlwidgets
2570,hts
2571,httk
2572,httpcode
2573,httpRequest
2574,httpuv
2575,httr
2576,huge
2577,HUM
2578,humanFormat
2579,humaniformat
2580,hwde
2581,HWEBayes
2582,HWEintrinsic
2583,HW.pval
2584,hwriter
2585,hwriterPlus
2586,hwwntest
2587,hybridEnsemble
2588,hybridHclust
2589,HybridMC
2590,hydroApps
2591,hydrogeo
2592,hydroGOF
2593,HydroMe
2594,hydroPSO
2595,hydrostats
2596,hydroTSM
2597,HyperbolicDist
2598,hyperdirichlet
2599,hypergea
2600,hypergeo
2601,hyperSpec
2602,hypervolume
2603,HyPhy
2604,hypothesestest
2605,hysteresis
2606,hzar
2607,IalsaSynthesis
2608,iaQCA
2609,IASD
2610,IAT
2611,iBATCGH
2612,ibd
2613,IBDhaploRtools
2614,IBDLabels
2615,ibdreg
2616,IBDsim
2617,ibelief
2618,IBHM
2619,Iboot
2620,ibr
2621,IBrokers
2622,iC10
2623,iC10TrainingData
2624,IC2
2625,ic50
2626,ica
2627,ICAFF
2628,icamix
2629,icaOcularCorrection
2630,icapca
2631,ICC
2632,iccbeta
2633,ICC.Sample.Size
2634,icd9
2635,ICE
2636,ICEbox
2637,ICEinfer
2638,icenReg
2639,icensmis
2640,ICGE
2641,ic.infer
2642,iCluster
2643,ICS
2644,ICSNP
2645,ICsurv
2646,icsw
2647,idbg
2648,idendr0
2649,identity
2650,idm
2651,IDPmisc
2652,IDPSurvival
2653,idr
2654,IDTurtle
2655,iDynoR
2656,ieeeround
2657,ifa
2658,iFad
2659,ifaTools
2660,ifctools
2661,IFP
2662,ifs
2663,ifultools
2664,iGasso
2665,IgorR
2666,igraph
2667,igraphdata
2668,igraphtosonia
2669,ig.vancouver.2014.topcolour
2670,ihs
2671,iki.dataclim
2672,iLaplace
2673,ilc
2674,IM
2675,Imap
2676,imguR
2677,IMIS
2678,immer
2679,ImpactIV
2680,import
2681,imprProbEst
2682,imputeMDR
2683,imputeMissings
2684,imputeR
2685,imputeTS
2686,imputeYn
2687,in2extRemes
2688,inarmix
2689,inbreedR
2690,IndependenceTests
2691,indicoio
2692,indicspecies
2693,inegiR
2694,ineq
2695,iNEXT
2696,InfDim
2697,inference
2698,InferenceSMR
2699,inferference
2700,inflection
2701,influence.ME
2702,influenceR
2703,influence.SEM
2704,infoDecompuTE
2705,Information
2706,InformationValue
2707,informR
2708,infotheo
2709,infra
2710,infuser
2711,infutil
2712,INLABMA
2713,inline
2714,inlinedocs
2715,InPosition
2716,insideRODE
2717,insol
2718,install.load
2719,insuranceData
2720,intamap
2721,intamapInteractive
2722,intcox
2723,Interact
2724,interactionTest
2725,InteractiveIGraph
2726,interAdapt
2727,Interatrix
2728,interferenceCI
2729,intergraph
2730,internetarchive
2731,interplot
2732,Interpol
2733,Interpol.T
2734,interpretR
2735,InterSIM
2736,InterVA4
2737,intervals
2738,interventionalDBN
2739,IntLik
2740,intpoint
2741,inTrees
2742,intReg
2743,intRegGOF
2744,introgress
2745,intsvy
2746,InvariantCausalPrediction
2747,InventorymodelPackage
2748,investr
2749,invGauss
2750,invLT
2751,io
2752,iosmooth
2753,iotools
2754,ipdmeta
2755,ipdw
2756,ipfp
2757,iplots
2758,IPMpack
2759,ipred
2760,ips
2761,IPSUR
2762,ipw
2763,IQCC
2764,iqLearn
2765,irace
2766,iRegression
2767,iRepro
2768,IRISMustangMetrics
2769,IRISSeismic
2770,irlba
2771,irr
2772,irtoys
2773,irtProb
2774,irtrees
2775,IRTShiny
2776,isa2
2777,ISBF
2778,isdals
2779,ISDA.R
2780,IsingFit
2781,isingLenzMC
2782,IsingSampler
2783,ISLR
2784,ismev
2785,Iso
2786,IsoCI
2787,isocir
2788,ISOcodes
2789,isopam
2790,isopat
2791,ISOpureR
2792,isotone
2793,isotonic.pen
2794,IsotopeR
2795,ISOweek
2796,ISwR
2797,ITEMAN
2798,iteRates
2799,iterators
2800,iterLap
2801,iterpc
2802,itertools
2803,itertools2
2804,itree
2805,its
2806,itsadug
2807,itsmr
2808,IUPS
2809,ivbma
2810,ivfixed
2811,ivlewbel
2812,ivmodel
2813,ivpack
2814,ivpanel
2815,ivprobit
2816,iWeigReg
2817,jaatha
2818,jackknifeKME
2819,jackstraw
2820,JacobiEigen
2821,JADE
2822,jagsUI
2823,JAGUAR
2824,james.analysis
2825,JASPAR
2826,JBTools
2827,JGEE
2828,JGL
2829,jiebaR
2830,jiebaRD
2831,JM
2832,JMbayes
2833,JMdesign
2834,jmetrik
2835,Jmisc
2836,jmotif
2837,Johnson
2838,JohnsonDistribution
2839,joineR
2840,joint.Cox
2841,jointDiag
2842,jointPm
2843,JointRegBC
2844,JOP
2845,JoSAE
2846,jpeg
2847,JPEN
2848,JPSurv
2849,jrvFinance
2850,jSonarR
2851,jsonlite
2852,jtrans
2853,Julia
2854,KappaGUI
2855,kappalab
2856,kappaSize
2857,kaps
2858,KATforDCEMRI
2859,kcirt
2860,kdetrees
2861,kedd
2862,Kendall
2863,kequate
2864,kerdiest
2865,KERE
2866,kergp
2867,kerndwd
2868,kernelFactory
2869,kernlab
2870,KernSmoothIRT
2871,keyplayer
2872,keypress
2873,KFAS
2874,kfigr
2875,kimisc
2876,kin.cohort
2877,kineticF
2878,kinfit
2879,kinship2
2880,kintone
2881,kissmig
2882,kknn
2883,klaR
2884,klausuR
2885,klin
2886,kmc
2887,km.ci
2888,kmconfband
2889,KMDA
2890,kmi
2891,Kmisc
2892,kml
2893,kml3d
2894,kmlcov
2895,kmodR
2896,KMsurv
2897,knitcitations
2898,knitLatex
2899,knitr
2900,knitrBootstrap
2901,knncat
2902,knnGarden
2903,knnIndep
2904,knockoff
2905,kobe
2906,KODAMA
2907,kofnGA
2908,KOGMWU
2909,kohonen
2910,kolmim
2911,KoNLP
2912,koRpus
2913,KoulMde
2914,Kpart
2915,kpodclustr
2916,kriging
2917,KrigInv
2918,KRLS
2919,krm
2920,ks
2921,kSamples
2922,kselection
2923,ksrlive
2924,kst
2925,ktsolve
2926,kulife
2927,kwb.hantush
2928,kyotil
2929,kzft
2930,kzs
2931,L1pack
2932,l2boost
2933,labdsv
2934,labeledLoop
2935,labeling
2936,label.switching
2937,labeltodendro
2938,labstatR
2939,laeken
2940,laercio
2941,LaF
2942,laGP
2943,Lahman
2944,LakeMetabolizer
2945,laketemps
2946,Lambda4
2947,lambda.r
2948,lambda.tools
2949,LambertW
2950,lamW
2951,landpred
2952,Langevin
2953,languageR
2954,lar
2955,LARF
2956,lars
2957,laser
2958,lasso2
2959,lassoscore
2960,lassoshooting
2961,lasvmR
2962,latdiag
2963,latentnet
2964,Laterality
2965,latex2exp
2966,latticeDensity
2967,latticeExtra
2968,LatticeKrig
2969,lava
2970,lavaan
2971,lavaan.survey
2972,lava.tobit
2973,lawstat
2974,lazy
2975,lazyData
2976,lazyeval
2977,lazyWeave
2978,lba
2979,lbfgs
2980,lbfgsb3
2981,lbiassurv
2982,LCA
2983,LCAextend
2984,lcd
2985,lcda
2986,LCFdata
2987,lcmm
2988,lctools
2989,lda
2990,ldamatch
2991,LDAvis
2992,ldbounds
2993,LDcorSV
2994,LDheatmap
2995,ldlasso
2996,LDPD
2997,ldr
2998,LDRTools
2999,LDtests
3000,leaderCluster
3001,LeafAngle
3002,LeafArea
3003,leaflet
3004,leafletR
3005,LEAPFrOG
3006,leaps
3007,LearnBayes
3008,learningr
3009,learNN
3010,learnstats
3011,lefse
3012,leiv
3013,LeLogicielR
3014,lessR
3015,lestat
3016,lfactors
3017,lfda
3018,LFDR.MLE
3019,lfe
3020,lfl
3021,lfstat
3022,lga
3023,lgarch
3024,LGEWIS
3025,LGRF
3026,lgtdl
3027,lhs
3028,LiblineaR
3029,LICORS
3030,LICurvature
3031,lifecontingencies
3032,LifeHist
3033,LifeTables
3034,lift
3035,liftr
3036,LightningR
3037,likelihood
3038,likelihoodAsy
3039,likeLTD
3040,likert
3041,LIM
3042,limitplot
3043,limSolve
3044,linbin
3045,LinCal
3046,LindenmayeR
3047,LinearizedSVR
3048,LinearRegressionMDE
3049,lineup
3050,linkcomm
3051,LinkedMatrix
3052,linkim
3053,linkR
3054,linLIR
3055,linprog
3056,LINselect
3057,lint
3058,lintr
3059,lira
3060,liso
3061,lisp
3062,lisrelToR
3063,list
3064,listenv
3065,LIStest
3066,llama
3067,lle
3068,lllcrc
3069,LLSR
3070,lm.beta
3071,lm.br
3072,lme4
3073,lmec
3074,lmeNB
3075,lmeNBBayes
3076,lmenssp
3077,LMERConvenienceFunctions
3078,lmerTest
3079,lmeSplines
3080,LMest
3081,lmeVarComp
3082,lmf
3083,lmfor
3084,lmm
3085,lmmlasso
3086,lmmot
3087,lmms
3088,lmodel2
3089,lmom
3090,lmomco
3091,Lmoments
3092,lmomRFA
3093,lmSupport
3094,lmtest
3095,LncMod
3096,loa
3097,localdepth
3098,localgauss
3099,localsolver
3100,locfdr
3101,LocFDRPois
3102,locfit
3103,locits
3104,Lock5Data
3105,locpol
3106,lodGWAS
3107,log4r
3108,logbin
3109,LogConcDEAD
3110,logconcens
3111,logcondens
3112,logcondens.mode
3113,logcondiscr
3114,logconPH
3115,logging
3116,LogicForest
3117,LOGICOIL
3118,LogicReg
3119,logistf
3120,LogisticDx
3121,logisticPCA
3122,LOGIT
3123,logitchoice
3124,LogitNet
3125,logitnorm
3126,loglognorm
3127,logmult
3128,LogrankA
3129,logspline
3130,lokern
3131,lomb
3132,longCatEDA
3133,longclust
3134,longitudinal
3135,longitudinalData
3136,longmemo
3137,longpower
3138,longurl
3139,loo
3140,lookupTable
3141,loop
3142,LoopAnalyst
3143,loopr
3144,lordif
3145,lorec
3146,LotkasLaw
3147,LowRankQP
3148,lpbrim
3149,lpc
3150,LPCM
3151,lpint
3152,LPM
3153,lpme
3154,lpmodeler
3155,lpridge
3156,LPS
3157,lpSolve
3158,lpSolveAPI
3159,LPStimeSeries
3160,LPTime
3161,lqa
3162,lqmm
3163,lrgs
3164,lrmest
3165,LS2W
3166,LS2Wstat
3167,lsa
3168,LSAfun
3169,lsbclust
3170,LSC
3171,LSD
3172,LSDinterface
3173,lsdv
3174,lsei
3175,lsgl
3176,lshorth
3177,lsl
3178,lsmeans
3179,LSMonteCarlo
3180,lspls
3181,lsr
3182,lss
3183,LSTS
3184,ltbayes
3185,ltm
3186,ltmle
3187,LTPDvar
3188,LTR
3189,ltsa
3190,ltsbase
3191,ltsk
3192,lubridate
3193,luca
3194,lucid
3195,lulcc
3196,Luminescence
3197,lunar
3198,luzlogr
3199,lvm4net
3200,LVMMCOR
3201,lxb
3202,lymphclon
3203,m4fe
3204,maboost
3205,MAc
3206,MAclinical
3207,MAd
3208,mada
3209,mads
3210,madsim
3211,Maeswrap
3212,magic
3213,magicaxis
3214,magrittr
3215,mail
3216,mailR
3217,MAINT.Data
3218,makeProject
3219,MALDIquant
3220,MALDIquantForeign
3221,mallet
3222,MAMS
3223,MAMSE
3224,managelocalrepo
3225,MANCIE
3226,manifestoR
3227,manipulate
3228,ManlyMix
3229,ManyTests
3230,Map2NCBI
3231,MAPA
3232,mapdata
3233,mapDK
3234,mapfit
3235,MapGAM
3236,MAPLES
3237,mapmisc
3238,mapplots
3239,mapproj
3240,maps
3241,mapStats
3242,maptools
3243,maptpx
3244,maptree
3245,mAr
3246,MAR1
3247,mar1s
3248,marelac
3249,MareyMap
3250,marg
3251,markdown
3252,marked
3253,marketeR
3254,maRketSim
3255,markophylo
3256,markovchain
3257,MarkowitzR
3258,marl
3259,marqLevAlg
3260,MARSS
3261,maSAE
3262,MASSTIMATE
3263,MasterBayes
3264,MAT
3265,MATA
3266,Matching
3267,MatchingFrontier
3268,matchingMarkets
3269,matchingR
3270,MatchIt
3271,MatchLinReg
3272,mathgraph
3273,matie
3274,matlab
3275,matlabr
3276,matpow
3277,matR
3278,matrixcalc
3279,MatrixEQTL
3280,MatrixModels
3281,matrixpls
3282,matrixStats
3283,MATTOOLS
3284,MAVIS
3285,MAVTgsa
3286,MaXact
3287,maxent
3288,MaxentVariableSelection
3289,maxLik
3290,maxlike
3291,MaxPro
3292,maxstat
3293,MBA
3294,MBCluster.Seq
3295,MBESS
3296,mbest
3297,MBI
3298,mblm
3299,MBmca
3300,mbmdr
3301,mboost
3302,MBTAr
3303,mc2d
3304,MCAPS
3305,MCAvariants
3306,mcbiopi
3307,mcc
3308,mcclust
3309,mcemGLM
3310,mcga
3311,mcgibbsit
3312,mcGlobaloptim
3313,mcheatmaps
3314,MChtest
3315,mcIRT
3316,MCL
3317,mcll
3318,mclogit
3319,mclust
3320,mcmc
3321,MCMC4Extremes
3322,MCMCglmm
3323,MCMC.OTU
3324,MCMCpack
3325,mcmcplots
3326,MCMC.qpcr
3327,mcmcse
3328,mco
3329,Mcomp
3330,MConjoint
3331,MCPAN
3332,MCPerm
3333,MCPMod
3334,mcprofile
3335,mcr
3336,MCS
3337,mcsm
3338,McSpatial
3339,MCTM
3340,mda
3341,mdatools
3342,mded
3343,MDimNormn
3344,MDM
3345,MDPtoolbox
3346,MDR
3347,mdscore
3348,mdsdt
3349,meboot
3350,mederrRank
3351,medflex
3352,Mediana
3353,mediation
3354,medicalrisk
3355,MedOr
3356,medSTC
3357,mefa
3358,mefa4
3359,meifly
3360,mem
3361,memgene
3362,memisc
3363,memoise
3364,MEMSS
3365,memuse
3366,merTools
3367,MESS
3368,meta
3369,MetABEL
3370,MetabolAnalyze
3371,metacom
3372,metafolio
3373,metafor
3374,metagen
3375,metaLik
3376,metamisc
3377,metap
3378,MetaPCA
3379,metaplus
3380,MetaQC
3381,metaRNASeq
3382,metaSEM
3383,metasens
3384,MetaSKAT
3385,metatest
3386,Metatron
3387,meteogRam
3388,MetFns
3389,Meth27QC
3390,MethComp
3391,Methplot
3392,MethylCapSig
3393,MetNorm
3394,Metrics
3395,metricsgraphics
3396,metRology
3397,mets
3398,MetStaT
3399,mev
3400,mewAvg
3401,MExPosition
3402,MF
3403,MFAg
3404,MFHD
3405,mFilter
3406,mfp
3407,MfUSampler
3408,mfx
3409,mgm
3410,mgpd
3411,MGRASTer
3412,MGSDA
3413,MHadaptive
3414,mhde
3415,mHG
3416,mhsmm
3417,mht
3418,mhurdle
3419,mi
3420,mice
3421,miceadds
3422,micEcon
3423,micEconAids
3424,micEconCES
3425,micEconSNQP
3426,microbenchmark
3427,MicroDatosEs
3428,micromapST
3429,micropan
3430,MicSim
3431,midasr
3432,MigClim
3433,migest
3434,migration.indices
3435,migui
3436,MIICD
3437,MIIVsem
3438,MILC
3439,mime
3440,MImix
3441,MindOnStats
3442,minerva
3443,Miney
3444,miniCRAN
3445,miniGUI
3446,minimax
3447,minpack.lm
3448,minPtest
3449,minqa
3450,minque
3451,MInt
3452,minxent
3453,mipfp
3454,MIPHENO
3455,miRada
3456,MiRSEA
3457,mirt
3458,mirtCAT
3459,misc3d
3460,miscF
3461,miscFuncs
3462,miscset
3463,miscTools
3464,missDeaths
3465,missForest
3466,missMDA
3467,MissMech
3468,MiST
3469,mistat
3470,mistral
3471,MitISEM
3472,mitml
3473,mitools
3474,mix
3475,mixAK
3476,MixAll
3477,mixdist
3478,mixedMem
3479,MixedPoisson
3480,MixedTS
3481,mixer
3482,mixexp
3483,MIXFIM
3484,mixlm
3485,MixMAP
3486,mixOmics
3487,mixor
3488,mixPHM
3489,mixRasch
3490,mixreg
3491,MixSim
3492,mixsmsn
3493,mixtNB
3494,mixtools
3495,mixtox
3496,mixture
3497,MixtureInf
3498,mizer
3499,mkde
3500,mkin
3501,MKLE
3502,MKmisc
3503,mkssd
3504,mlbench
3505,MLCIRTwithin
3506,MLCM
3507,mldr
3508,MLDS
3509,mlearning
3510,MLEcens
3511,mlegp
3512,mleur
3513,mlgt
3514,mlica2
3515,MLmetrics
3516,mlmmm
3517,mlmRev
3518,mlogit
3519,mlogitBMA
3520,mlPhaser
3521,mlr
3522,MLRMPA
3523,mlsjunkgen
3524,mlVAR
3525,mlxR
3526,MM
3527,mma
3528,mmand
3529,mmap
3530,mmc
3531,mmcm
3532,mmds
3533,mme
3534,mmeln
3535,mmeta
3536,mmm
3537,mmm2
3538,MMMS
3539,mmod
3540,mmpp
3541,MMS
3542,mmtfa
3543,mnlogit
3544,MNM
3545,mnormpow
3546,mnormt
3547,MNP
3548,Mobilize
3549,MOCCA
3550,Modalclust
3551,modeest
3552,modehunt
3553,modelfree
3554,ModelGood
3555,modelObj
3556,modeltools
3557,MODISTools
3558,modMax
3559,modQR
3560,modTempEff
3561,MOJOV
3562,mokken
3563,mombf
3564,momentchi2
3565,moments
3566,Momocs
3567,momr
3568,mondate
3569,MonetDB.R
3570,monitoR
3571,monmlp
3572,monogeneaGM
3573,monomvn
3574,MonoPhy
3575,MonoPoly
3576,monreg
3577,moonBook
3578,moonsun
3579,mopsocd
3580,MOrder
3581,morgenstemning
3582,Morpho
3583,morse
3584,MorseGen
3585,MortalitySmooth
3586,mosaic
3587,mosaicData
3588,MoTBFs
3589,moult
3590,mountainplot
3591,mousetrack
3592,moveHMM
3593,movMF
3594,mp
3595,mpa
3596,MPAgenomics
3597,mpath
3598,mpcv
3599,MPDiR
3600,mph
3601,MPINet
3602,mplot
3603,MplusAutomation
3604,mpm
3605,mpMap
3606,mpmcorrelogram
3607,mpmi
3608,mpoly
3609,Mposterior
3610,mppa
3611,MPSEM
3612,mpt
3613,MPTinR
3614,MPV
3615,mQTL
3616,mra
3617,mratios
3618,MRCE
3619,MRCV
3620,mrds
3621,mreg
3622,MRH
3623,mri
3624,MRIaggr
3625,mritc
3626,mRm
3627,MRMR
3628,mRMRe
3629,MRQoL
3630,MRSP
3631,MRsurv
3632,MRwarping
3633,msap
3634,msBP
3635,MSBVAR
3636,msda
3637,mseapca
3638,MSG
3639,msgl
3640,msgpackR
3641,msgps
3642,msir
3643,msm
3644,msme
3645,msos
3646,MSQC
3647,msr
3648,ms.sev
3649,MST
3650,mstate
3651,MSwM
3652,mtk
3653,MTS
3654,mtsdi
3655,MTurkR
3656,MUCflights
3657,MuFiCokriging
3658,muhaz
3659,muir
3660,multcomp
3661,multcompView
3662,MultEq
3663,multgee
3664,multiAssetOptions
3665,multiband
3666,multibiplotGUI
3667,multic
3668,MultiCNVDetect
3669,multicon
3670,multicool
3671,MultiGHQuad
3672,multigroup
3673,MultiLCIRT
3674,multilevel
3675,multilevelPSA
3676,multimark
3677,MultiMeta
3678,multinbmod
3679,MultinomialCI
3680,multinomRob
3681,MultiOrd
3682,MultiPhen
3683,multiPIM
3684,multipleNCC
3685,multiplex
3686,multipol
3687,multirich
3688,MultiRR
3689,multisensi
3690,multispatialCCM
3691,MultiSV
3692,multitable
3693,multitaper
3694,multivator
3695,multiway
3696,multiwayvcov
3697,MultNonParam
3698,multxpert
3699,muma
3700,MuMIn
3701,munfold
3702,munsell
3703,munsellinterpol
3704,muRL
3705,muStat
3706,MVA
3707,MVar.pt
3708,MVB
3709,mvbutils
3710,mvctm
3711,mvcwt
3712,mvglmmRank
3713,mvinfluence
3714,mvmesh
3715,mvmeta
3716,mvMORPH
3717,MVN
3718,mvna
3719,mvnfast
3720,mvngGrAd
3721,mvnmle
3722,mvnormtest
3723,mvnpermute
3724,mvoutlier
3725,mvProbit
3726,mvprpb
3727,MVR
3728,mvrtn
3729,mvsf
3730,mvShapiroTest
3731,mvSLOUCH
3732,MVT
3733,mvtboost
3734,mvtmeta
3735,mvtnorm
3736,mvtsplot
3737,mwa
3738,mxkssd
3739,mycobacrvR
3740,mycor
3741,myepisodes
3742,Myrrix
3743,Myrrixjars
3744,mztwinreg
3745,nabor
3746,NADA
3747,nadiv
3748,NAM
3749,namespace
3750,nanop
3751,NanoStringNorm
3752,NAPPA
3753,nasaweather
3754,nat
3755,nat.nblast
3756,nat.templatebrains
3757,naturalsort
3758,nat.utils
3759,NB
3760,NbClust
3761,nbconvertR
3762,NBDdirichlet
3763,nbpMatching
3764,NCA
3765,nCal
3766,ncappc
3767,ncbit
3768,nCDunnett
3769,ncf
3770,ncg
3771,NCmisc
3772,ncvreg
3773,ndl
3774,ndtv
3775,neariso
3776,NeatMap
3777,needy
3778,NEff
3779,negenes
3780,neldermead
3781,neotoma
3782,nephro
3783,NestedCohort
3784,nestedRanksTest
3785,netassoc
3786,NetCluster
3787,NetComp
3788,NetData
3789,netgsa
3790,NetIndices
3791,netmeta
3792,nets
3793,NetSim
3794,network
3795,networkD3
3796,networkDynamic
3797,networkDynamicData
3798,networkreporting
3799,networksis
3800,neural
3801,neuralnet
3802,NeuralNetTools
3803,neuroblastoma
3804,neuroim
3805,neuRosim
3806,Newdistns
3807,nFactors
3808,nFCA
3809,ngram
3810,ngramr
3811,ngramrr
3812,ngspatial
3813,NHANES
3814,nhanesA
3815,NHEMOtree
3816,nhlscrapr
3817,NHMM
3818,NHMSAR
3819,NHPoisson
3820,nice
3821,nicheROVER
3822,NightDay
3823,Nippon
3824,NISTnls
3825,NISTunits
3826,nivm
3827,NlcOptim
3828,nleqslv
3829,nlmeODE
3830,nlmeU
3831,nlmrt
3832,nlnet
3833,nloptr
3834,NLP
3835,NLPutils
3836,nlreg
3837,NLRoot
3838,nls2
3839,nlsem
3840,nlsMicrobio
3841,nlsmsn
3842,nlstools
3843,NlsyLinks
3844,nlt
3845,nlts
3846,nLTT
3847,nlWaldTest
3848,nmcdr
3849,NMF
3850,NMFN
3851,NMOF
3852,nnlasso
3853,nnls
3854,NNTbiomarker
3855,nodeHarvest
3856,nodiv
3857,noia
3858,nomclust
3859,NominalLogisticBiplot
3860,noncensus
3861,nonlinearTseries
3862,nonnest2
3863,nonparaeff
3864,NonpModelCheck
3865,nonrandom
3866,nontarget
3867,nontargetData
3868,nopp
3869,nor1mix
3870,nordklimdata1
3871,norm
3872,NormalGamma
3873,NormalLaplace
3874,normalp
3875,NormPsy
3876,NORMT3
3877,normtest
3878,normwhn.test
3879,NORRRM
3880,NORTARA
3881,nortest
3882,nose
3883,NostalgiR
3884,notifyR
3885,novelist
3886,noweb
3887,Nozzle.R1
3888,np
3889,nparACT
3890,nparcomp
3891,nparLD
3892,NPBayesImpute
3893,NPC
3894,NPCD
3895,NPCirc
3896,npcp
3897,npde
3898,NPHMC
3899,npIntFactRep
3900,nplplot
3901,nplr
3902,NPMLEcmprsk
3903,npmlreg
3904,NPMPM
3905,npmv
3906,NPMVCP
3907,nppbib
3908,NPS
3909,npsf
3910,NPsimex
3911,npsm
3912,npsp
3913,npst
3914,nscancor
3915,NScluster
3916,nsga2R
3917,nsgp
3918,NSM3
3919,nsprcomp
3920,nsRFA
3921,NSUM
3922,nullabor
3923,numbers
3924,numDeriv
3925,numOSL
3926,nutshell
3927,nutshell.audioscrobbler
3928,nutshell.bbdb
3929,nws
3930,nycflights13
3931,oai
3932,OAIHarvester
3933,oapackage
3934,Oarray
3935,oaxaca
3936,objectProperties
3937,objectSignals
3938,obliclus
3939,obliqueRF
3940,oblique.tree
3941,obs.agree
3942,OBsMD
3943,obsSens
3944,oc
3945,occ
3946,oce
3947,OceanView
3948,ocedata
3949,ocomposition
3950,ODB
3951,odds.converter
3952,odeintr
3953,odfWeave
3954,odfWeave.survey
3955,ODMconverter
3956,OECD
3957,oem
3958,oglmx
3959,Ohmage
3960,OIdata
3961,OIsurv
3962,OjaNP
3963,okmesonet
3964,olctools
3965,OligoSpecificitySystem
3966,OLScurve
3967,omd
3968,OmicKriging
3969,oncomodel
3970,Oncotree
3971,OneArmPhaseTwoStudy
3972,onemap
3973,ONETr
3974,OneTwoSamples
3975,onewaytests
3976,onion
3977,onlinePCA
3978,onls
3979,OOmisc
3980,OPDOE
3981,opefimor
3982,openair
3983,opencpu
3984,openintro
3985,OpenMPController
3986,OpenMx
3987,openNLP
3988,openNLPdata
3989,OpenRepGrid
3990,openssl
3991,openxlsx
3992,operators
3993,operator.tools
3994,OPI
3995,ops
3996,optAUC
3997,optCluster
3998,optextras
3999,OptGS
4000,OptHedging
4001,optifunset
4002,optigrab
4003,OptimalCutpoints
4004,optimbase
4005,optimsimplex
4006,optimx
4007,OptInterim
4008,OptionPricing
4009,OptiQuantR
4010,optiRum
4011,optiscale
4012,optismixture
4013,optmatch
4014,optparse
4015,optpart
4016,optR
4017,optrees
4018,orca
4019,ORCI
4020,orclus
4021,ORCME
4022,orcutt
4023,ordBTL
4024,orddom
4025,ORDER2PARENT
4026,orderbook
4027,orderedLasso
4028,OrdFacReg
4029,ordinal
4030,ordinalCont
4031,ordinalgmifs
4032,OrdinalLogisticBiplot
4033,OrdLogReg
4034,OrdMonReg
4035,OrdNor
4036,ordPens
4037,ore
4038,OrgMassSpecR
4039,orgR
4040,ORIClust
4041,orientlib
4042,OriGen
4043,orloca
4044,orloca.es
4045,ORMDR
4046,oro.dicom
4047,oro.nifti
4048,oro.pet
4049,orsk
4050,orthogonalsplinebasis
4051,orthopolynom
4052,osDesign
4053,osmar
4054,osrm
4055,OTE
4056,ouch
4057,OutbreakTools
4058,OutlierDC
4059,OutlierDM
4060,outliers
4061,OutrankingTools
4062,OUwie
4063,overlap
4064,oz
4065,p2distance
4066,p3state.msm
4067,pa
4068,PabonLasso
4069,pacbpred
4070,pack
4071,packagetrackr
4072,packcircles
4073,packClassic
4074,packdep
4075,packHV
4076,packrat
4077,packS4
4078,pacman
4079,paco
4080,Pade
4081,paf
4082,PAFit
4083,PAGI
4084,PAGWAS
4085,pairedCI
4086,PairedData
4087,pairheatmap
4088,pairsD3
4089,pairwise
4090,pairwiseCI
4091,palaeoSig
4092,paleobioDB
4093,paleoMAS
4094,paleotree
4095,paleoTS
4096,palettetown
4097,palr
4098,pamctdp
4099,pamm
4100,pampe
4101,pamr
4102,pan
4103,pander
4104,panelaggregation
4105,panelAR
4106,PanelCount
4107,Paneldata
4108,PANICr
4109,papeR
4110,ParallelForest
4111,parallelize.dynamic
4112,parallelMap
4113,parallelMCMCcombine
4114,parallelML
4115,ParallelPC
4116,parallelSVM
4117,ParamHelpers
4118,paramlink
4119,params
4120,paran
4121,parboost
4122,parcor
4123,ParentOffspring
4124,ParetoPosStable
4125,parfm
4126,parfossil
4127,parmigene
4128,parsec
4129,parsedate
4130,partDSA
4131,partialAR
4132,partialOR
4133,partitionMap
4134,partitionMetric
4135,partitions
4136,partools
4137,partsm
4138,party
4139,partykit
4140,parviol
4141,PAS
4142,pass
4143,pastecs
4144,pastis
4145,PASWR
4146,PASWR2
4147,patchDVI
4148,patchPlot
4149,patchSynctex
4150,pathdiagram
4151,pathmox
4152,pathological
4153,patPRO
4154,PatternClass
4155,pauwels2014
4156,pavo
4157,pawacc
4158,PAWL
4159,pbapply
4160,pbatR
4161,PBD
4162,pbdZMQ
4163,PBImisc
4164,pbivnorm
4165,pbkrtest
4166,pbo
4167,pBrackets
4168,pbs
4169,PBSadmb
4170,PBSddesolve
4171,PBSmapping
4172,PBSmodelling
4173,pca3d
4174,PCA4TS
4175,pcaBootPlot
4176,pcadapt
4177,PCAmixdata
4178,pcaPP
4179,PCDSpline
4180,pcg
4181,PCICt
4182,pcIRT
4183,PCIT
4184,pcnetmeta
4185,pco
4186,PCovR
4187,PCPS
4188,pcse
4189,pdc
4190,pdfCluster
4191,pdfetch
4192,pdist
4193,pdmod
4194,PDQutils
4195,pdR
4196,PDSCE
4197,peacots
4198,Peaks
4199,pear
4200,pearson7
4201,PearsonDS
4202,PearsonICA
4203,pec
4204,pedantics
4205,PedCNV
4206,pedgene
4207,pedigree
4208,pedigreemm
4209,pedometrics
4210,pegas
4211,PEIP
4212,PEMM
4213,penalized
4214,penalizedLDA
4215,penalizedSVM
4216,pencopula
4217,pendensity
4218,penDvine
4219,penMSM
4220,pensim
4221,peperr
4222,peplib
4223,peptider
4224,Peptides
4225,pequod
4226,perARMA
4227,Perc
4228,PerFit
4229,PerformanceAnalytics
4230,performanceEstimation
4231,perm
4232,PermAlgo
4233,PerMallows
4234,permute
4235,perry
4236,persiandictionary
4237,personograph
4238,perspectev
4239,perturb
4240,pesticides
4241,PET
4242,pez
4243,pgam
4244,PGICA
4245,pglm
4246,pGLS
4247,PGM2
4248,pgmm
4249,PGRdup
4250,phalen
4251,phangorn
4252,PharmPow
4253,phaseR
4254,PhaseType
4255,phcfM
4256,pheatmap
4257,phenability
4258,phenex
4259,PHENIX
4260,phenmod
4261,pheno
4262,pheno2geno
4263,phenology
4264,PHeval
4265,phia
4266,phmm
4267,phonenumber
4268,phonR
4269,phonTools
4270,phreeqc
4271,phtt
4272,PhyActBedRest
4273,phyclust
4274,phyext2
4275,phylin
4276,phylobase
4277,phyloclim
4278,phylocurve
4279,PHYLOGR
4280,phyloland
4281,phylolm
4282,PhyloMeasures
4283,phylotools
4284,phyloTop
4285,phyndr
4286,phyreg
4287,PhysicalActivity
4288,physiology
4289,phytools
4290,phytotools
4291,picante
4292,picasso
4293,pid
4294,PIGE
4295,pingr
4296,pinnacle.API
4297,pipe.design
4298,pipeR
4299,PIPS
4300,pitchRx
4301,PivotalR
4302,pixiedust
4303,pixmap
4304,PK
4305,pkgconfig
4306,pkgKitten
4307,pkgmaker
4308,PKI
4309,PKPDmodels
4310,PKreport
4311,pks
4312,pla
4313,plan
4314,planar
4315,planor
4316,plantecophys
4317,plaqr
4318,PlayerRatings
4319,plfm
4320,plgp
4321,PLIS
4322,plm
4323,plmm
4324,pln
4325,PLordprob
4326,plot2groups
4327,plot3D
4328,plot3Drgl
4329,plotMCMC
4330,plotmo
4331,plotpc
4332,PlotPrjNetworks
4333,PlotRegionHighlighter
4334,plotrix
4335,plotROC
4336,plotSEMM
4337,plRasch
4338,PLRModels
4339,pls
4340,PLSbiplot1
4341,plsdepot
4342,plsdof
4343,plsgenomics
4344,plspm
4345,plsRbeta
4346,plsRglm
4347,plugdensity
4348,plumbr
4349,plus
4350,plusser
4351,plyr
4352,pmc
4353,pmcgd
4354,PMCMR
4355,pmlr
4356,pmml
4357,pmmlTransformations
4358,pmr
4359,pnea
4360,pnf
4361,png
4362,pnmtrem
4363,pnn
4364,pocrm
4365,pogit
4366,PogromcyDanych
4367,poibin
4368,PoiClaClu
4369,poilog
4370,pointdensityP
4371,pointRes
4372,PoisBinNonNor
4373,PoisBinOrd
4374,PoisBinOrdNonNor
4375,PoisBinOrdNor
4376,poisDoubleSamp
4377,PoisNonNor
4378,PoisNor
4379,poisson
4380,poisson.glm.mix
4381,PoissonSeq
4382,poistweedie
4383,poLCA
4384,polidata
4385,pollstR
4386,polspline
4387,polyaAeppli
4388,polyapost
4389,polyclip
4390,polycor
4391,polyCub
4392,polyfreqs
4393,polynom
4394,PolynomF
4395,PolyPatEx
4396,polysat
4397,polySegratio
4398,polySegratioMM
4399,polytomous
4400,polywog
4401,pom
4402,Pomic
4403,pomp
4404,pooh
4405,popbio
4406,popdemo
4407,PopED
4408,popEpi
4409,popgen
4410,PopGenKit
4411,PopGenome
4412,popgraph
4413,popKorn
4414,poplite
4415,poppr
4416,popprxl
4417,popRange
4418,popReconstruct
4419,popsom
4420,PopVar
4421,portes
4422,portfolio
4423,PortfolioAnalytics
4424,PortfolioEffectHFT
4425,portfolioSim
4426,PortRisk
4427,potts
4428,PottsUtils
4429,PoweR
4430,Power2Stage
4431,powerAnalysis
4432,powerGWASinteraction
4433,poweRlaw
4434,powerMediation
4435,powerpkg
4436,powerSurvEpi
4437,PowerTOST
4438,PP
4439,ppcor
4440,ppls
4441,ppmlasso
4442,pps
4443,PPtree
4444,PPtreeViz
4445,pqantimalarials
4446,prabclus
4447,pracma
4448,PracTools
4449,pragma
4450,prais
4451,praise
4452,praktikum
4453,prc
4454,precintcon
4455,PredictABEL
4456,PredictiveRegression
4457,predictmeans
4458,predmixcor
4459,prefmod
4460,PReMiuM
4461,prepdat
4462,preprocomb
4463,PresenceAbsence
4464,presens
4465,preseqR
4466,PResiduals
4467,prettyGraphs
4468,prettyR
4469,prettyunits
4470,prevalence
4471,PrevMap
4472,prim
4473,primer
4474,primerTree
4475,primes
4476,PRIMsrc
4477,princurve
4478,prinsimp
4479,PRISMA
4480,PrivateLR
4481,prLogistic
4482,pro
4483,prob
4484,probemod
4485,probFDA
4486,ProbForecastGOP
4487,probsvm
4488,pROC
4489,ProDenICA
4490,prodlim
4491,PROFANCY
4492,profdpm
4493,ProfessR
4494,ProfileLikelihood
4495,profileModel
4496,profileR
4497,profilr
4498,profr
4499,proftools
4500,ProgGUIinR
4501,prognosticROC
4502,progress
4503,ProjectTemplate
4504,ProNet
4505,propagate
4506,PropCIs
4507,PropClust
4508,prop.comb.RR
4509,PropScrRand
4510,prospectr
4511,proteomicdesign
4512,proteomics
4513,proto
4514,protoclass
4515,protoclust
4516,PROTOLIDAR
4517,protr
4518,protViz
4519,provenance
4520,proxy
4521,prozor
4522,PRROC
4523,pRSR
4524,pryr
4525,PSAboot
4526,PSAgraphics
4527,psbcGroup
4528,pscl
4529,pscore
4530,psd
4531,psData
4532,pse
4533,pseudo
4534,psgp
4535,pSI
4536,psidR
4537,PSM
4538,pso
4539,pspearman
4540,pspline
4541,pssm
4542,PST
4543,PsumtSim
4544,psy
4545,psych
4546,psychometric
4547,psychomix
4548,psychotools
4549,psychotree
4550,psyphy
4551,psytabs
4552,PTAk
4553,PTE
4554,ptinpoly
4555,PtProcess
4556,ptw
4557,ptycho
4558,PubBias
4559,pubmed.mineR
4560,PubMedWordcloud
4561,pullword
4562,pumilioR
4563,PurBayes
4564,purge
4565,purrr
4566,pushoverr
4567,PVAClone
4568,pvar
4569,pvclass
4570,pvclust
4571,PVR
4572,pvsR
4573,pweight
4574,pwr
4575,PwrGSD
4576,pwrRasch
4577,pwt
4578,pwt8
4579,pxR
4580,pxweb
4581,pyramid
4582,pystr
4583,qap
4584,QCA
4585,QCA3
4586,QCAfalsePositive
4587,QCAGUI
4588,QCAtools
4589,qcc
4590,QCGWAS
4591,qclust
4592,qcr
4593,qdap
4594,qdapDictionaries
4595,qdapRegex
4596,qdapTools
4597,qdm
4598,QFRM
4599,qgraph
4600,qgtools
4601,qicharts
4602,qiimer
4603,qlcData
4604,qlcMatrix
4605,qlcVisualize
4606,qLearn
4607,qmap
4608,qmethod
4609,qmrparser
4610,QoLR
4611,qpcR
4612,qPCR.CT
4613,QPot
4614,qqman
4615,qqtest
4616,qrage
4617,qrcode
4618,qrjoint
4619,qrLMM
4620,qrmtools
4621,qrng
4622,qrNLMM
4623,qrnn
4624,QSARdata
4625,qte
4626,qtl
4627,qtlbook
4628,qtlDesign
4629,qtlhot
4630,qtlmt
4631,QTLRel
4632,quad
4633,quadprog
4634,quadrupen
4635,qualCI
4636,QualInt
4637,qualV
4638,qualvar
4639,Quandl
4640,quantable
4641,quantchem
4642,quanteda
4643,quantification
4644,QuantifQuantile
4645,quantileDA
4646,quantmod
4647,QuantPsyc
4648,quantreg
4649,quantregForest
4650,quantregGrowth
4651,quantspec
4652,QuantumClone
4653,questionr
4654,queueing
4655,QUIC
4656,quickpsy
4657,quint
4658,quipu
4659,Quor
4660,qut
4661,qVarSel
4662,qvcalc
4663,qwraps2
4664,QZ
4665,R0
4666,R1magic
4667,R2admb
4668,R2BayesX
4669,R2Cuba
4670,r2d2
4671,R2G2
4672,R2HTML
4673,R2jags
4674,r2lh
4675,R2MLwiN
4676,R2OpenBUGS
4677,r2stl
4678,R2SWF
4679,R2WinBUGS
4680,R330
4681,R4CDISC
4682,R4CouchDB
4683,R4dfp
4684,r4ss
4685,R6
4686,race
4687,RAD
4688,radar
4689,RadioSonde
4690,radir
4691,RadOnc
4692,RadTran
4693,RAdwords
4694,rafalib
4695,rags2ridges
4696,RAHRS
4697,rainbow
4698,raincpc
4699,rainfreq
4700,rAltmetric
4701,RAM
4702,Rambo
4703,rAmCharts
4704,Ramd
4705,ramify
4706,RAMP
4707,RAMpath
4708,ramps
4709,randaes
4710,randNames
4711,random
4712,RandomFields
4713,RandomFieldsUtils
4714,randomForest
4715,randomForestSRC
4716,randomGLM
4717,randomizationInference
4718,randomizeBE
4719,randomizeR
4720,randomizr
4721,randomLCA
4722,randomNames
4723,random.polychor.pa
4724,randomUniformForest
4725,randtests
4726,randtoolbox
4727,RandVar
4728,ranger
4729,RankAggreg
4730,Rankcluster
4731,rankdist
4732,rankhazard
4733,RankResponse
4734,RANN
4735,RANN.L1
4736,RAP
4737,RapidPolygonLookup
4738,RApiSerialize
4739,rappdirs
4740,rapport
4741,rapportools
4742,RArcInfo
4743,rareGE
4744,rareNMtests
4745,Rarity
4746,rARPACK
4747,RaschSampler
4748,rasclass
4749,rase
4750,raster
4751,rasterVis
4752,RateDistortion
4753,rateratio.test
4754,raters
4755,rationalfun
4756,RAtmosphere
4757,rAverage
4758,rbamtools
4759,rbefdata
4760,rbenchmark
4761,rBeta2009
4762,rbhl
4763,rbiouml
4764,rbison
4765,Rbitcoin
4766,rbitcoinchartsapi
4767,RBitly
4768,Rblpapi
4769,rbmn
4770,Rborist
4771,rbounds
4772,RBPcurve
4773,rbugs
4774,rbundler
4775,RCA
4776,R.cache
4777,RCALI
4778,Rcapture
4779,rCarto
4780,RCassandra
4781,rcbalance
4782,rcdd
4783,rcdk
4784,rcdklibs
4785,RCEIM
4786,Rcell
4787,RcellData
4788,Rcgmin
4789,rchallenge
4790,Rchoice
4791,rChoiceDialogs
4792,rcicr
4793,RCircos
4794,RClimMAWGEN
4795,rClinicalCodes
4796,rclinicaltrials
4797,RClone
4798,Rclusterpp
4799,rCMA
4800,Rcmdr
4801,RcmdrMisc
4802,RcmdrPlugin.BCA
4803,RcmdrPlugin.coin
4804,RcmdrPlugin.depthTools
4805,RcmdrPlugin.DoE
4806,RcmdrPlugin.doex
4807,RcmdrPlugin.EACSPIR
4808,RcmdrPlugin.EBM
4809,RcmdrPlugin.EcoVirtual
4810,RcmdrPlugin.epack
4811,RcmdrPlugin.Export
4812,RcmdrPlugin.EZR
4813,RcmdrPlugin.FactoMineR
4814,RcmdrPlugin.IPSUR
4815,RcmdrPlugin.KMggplot2
4816,RcmdrPlugin.lfstat
4817,RcmdrPlugin.MA
4818,RcmdrPlugin.mosaic
4819,RcmdrPlugin.MPAStats
4820,RcmdrPlugin.NMBU
4821,RcmdrPlugin.orloca
4822,RcmdrPlugin.plotByGroup
4823,RcmdrPlugin.pointG
4824,RcmdrPlugin.qual
4825,RcmdrPlugin.RMTCJags
4826,RcmdrPlugin.ROC
4827,RcmdrPlugin.sampling
4828,RcmdrPlugin.SCDA
4829,RcmdrPlugin.seeg
4830,RcmdrPlugin.SLC
4831,RcmdrPlugin.SM
4832,RcmdrPlugin.sos
4833,RcmdrPlugin.steepness
4834,RcmdrPlugin.survival
4835,RcmdrPlugin.TeachingDemos
4836,RcmdrPlugin.temis
4837,RcmdrPlugin.UCA
4838,RCMIP5
4839,Rcolombos
4840,RColorBrewer
4841,RConics
4842,rcorpora
4843,RCPmod
4844,Rcpp
4845,Rcpp11
4846,RcppAnnoy
4847,RcppArmadillo
4848,RcppBDT
4849,rcppbugs
4850,RcppClassic
4851,RcppClassicExamples
4852,RcppCNPy
4853,RcppDE
4854,RcppDL
4855,RcppEigen
4856,RcppExamples
4857,RcppFaddeeva
4858,RcppMLPACK
4859,RcppParallel
4860,RcppProgress
4861,RcppRoll
4862,RcppShark
4863,RcppSMC
4864,RcppStreams
4865,RcppTOML
4866,RcppXts
4867,RCriteo
4868,rcrossref
4869,rcrypt
4870,RCryptsy
4871,Rcsdp
4872,rCUR
4873,RCurl
4874,Rd2roxygen
4875,rda
4876,RDataCanvas
4877,rdatamarket
4878,rdd
4879,rddtools
4880,rdetools
4881,R.devices
4882,RDIDQ
4883,Rdistance
4884,RDML
4885,rDNA
4886,RDota
4887,Rdpack
4888,rdrobust
4889,rdrop2
4890,rdryad
4891,RDS
4892,Rdsdp
4893,Rdsm
4894,RDSTK
4895,rDVR
4896,ReacTran
4897,readbitmap
4898,readBrukerFlexData
4899,reader
4900,readGenalex
4901,readMLData
4902,readMzXmlData
4903,readODS
4904,readr
4905,readstata13
4906,readxl
4907,RealVAMS
4908,reams
4909,rebird
4910,rebmix
4911,rebus
4912,RECA
4913,recalls
4914,ReCiPa
4915,recluster
4916,recoder
4917,recommenderlab
4918,recommenderlabBX
4919,recommenderlabJester
4920,reconstructr
4921,RecordLinkage
4922,Records
4923,recosystem
4924,REdaS
4925,redcapAPI
4926,REDCapR
4927,RedditExtractoR
4928,redist
4929,REEMtree
4930,ref
4931,referenceIntervals
4932,refGenome
4933,RefManageR
4934,refset
4935,refund
4936,refund.shiny
4937,refund.wave
4938,RegClust
4939,reGenotyper
4940,REGENT
4941,regexr
4942,registry
4943,reglogit
4944,regpro
4945,regress
4946,RegressionFactory
4947,regsubseq
4948,regtest
4949,rehh
4950,rela
4951,relaimpo
4952,Relatedness
4953,relations
4954,relax
4955,relaxnet
4956,relaxo
4957,reldist
4958,relevent
4959,Reliability
4960,ReliabilityTheory
4961,reliaR
4962,relimp
4963,relSim
4964,relsurv
4965,RelValAnalysis
4966,remix
4967,rEMM
4968,remMap
4969,remote
4970,Renext
4971,RenextGUI
4972,rentrez
4973,Reol
4974,ReorderCluster
4975,RepeatedHighDim
4976,repfdr
4977,replicatedpp2w
4978,replicationInterval
4979,repmis
4980,repo
4981,repolr
4982,ReporteRs
4983,ReporteRsjars
4984,reportr
4985,reportRx
4986,reports
4987,reporttools
4988,REPPlab
4989,represent
4990,reproducer
4991,REQS
4992,resample
4993,resemble
4994,reservoir
4995,reshape
4996,reshape2
4997,ResistorArray
4998,ResourceSelection
4999,RESS
5000,REST
5001,restimizeapi
5002,restorepoint
5003,retimes
5004,retistruct
5005,retrosheet
5006,reutils
5007,reval
5008,revealedPrefs
5009,RevEcoR
5010,reweight
5011,rex
5012,rexpokit
5013,Rfacebook
5014,rFDSN
5015,rFerns
5016,RFGLS
5017,RFgroove
5018,rfigshare
5019,R.filesets
5020,RFinanceYJ
5021,rfishbase
5022,rfisheries
5023,Rfit
5024,RFLPtools
5025,RFmarkerDetector
5026,rfoaas
5027,RFOC
5028,RForcecom
5029,rfordummies
5030,rforensicbatwing
5031,RFormatter
5032,rfPermute
5033,RFreak
5034,rfUtilities
5035,RGA
5036,rgabriel
5037,rgam
5038,Rgbp
5039,RGCCA
5040,rgcvpack
5041,RGENERATE
5042,RGenetics
5043,rgenoud
5044,rgeolocate
5045,rgexf
5046,RGIFT
5047,rglobi
5048,RGoogleAnalytics
5049,RgoogleMaps
5050,rgp
5051,rgpui
5052,rgr
5053,RGraphics
5054,rgrass7
5055,RH2
5056,rhandsontable
5057,rHealthDataGov
5058,rhosp
5059,RhpcBLASctl
5060,rHpcc
5061,RHRV
5062,RHT
5063,R.huge
5064,ri
5065,RI2by2
5066,riceware
5067,rich
5068,ridge
5069,RidgeFusion
5070,ridigbio
5071,Ridit
5072,RIFS
5073,RIGHT
5074,RImageJROI
5075,RImpala
5076,rinat
5077,rindex
5078,RInside
5079,RInSp
5080,rio
5081,rioja
5082,Rip46
5083,ripa
5084,riskR
5085,riskRegression
5086,risksetROC
5087,riskSimul
5088,RISmed
5089,Ritc
5090,rite
5091,RItools
5092,riv
5093,rivernet
5094,riverplot
5095,rivervis
5096,Rivivc
5097,rivr
5098,RJaCGH
5099,RJafroc
5100,rjags
5101,RJDBC
5102,rje
5103,Rjpstatdb
5104,RJSDMX
5105,rjson
5106,RJSONIO
5107,rjstat
5108,rJython
5109,rkafka
5110,rkafkajars
5111,RKEA
5112,RKEAjars
5113,RKlout
5114,rknn
5115,rkt
5116,rkvo
5117,Rlab
5118,Rlabkey
5119,rLakeAnalyzer
5120,rleafmap
5121,rlecuyer
5122,rLiDAR
5123,Rlinkedin
5124,rlist
5125,rlm
5126,Rlof
5127,RLRsim
5128,rLTP
5129,RLumShiny
5130,RM2
5131,rmaf
5132,RMallow
5133,Rmalschains
5134,RMark
5135,rmarkdown
5136,rmatio
5137,R.matlab
5138,RMAWGEN
5139,RMC
5140,RMediation
5141,rmeta
5142,rmetasim
5143,R.methodsS3
5144,rminer
5145,Rmisc
5146,Rmixmod
5147,RmixmodCombi
5148,RMKdiscrete
5149,rmngb
5150,RMOA
5151,RMOAjars
5152,RMongo
5153,rmongodb
5154,Rmonkey
5155,rmp
5156,rms
5157,rms.gof
5158,RMTstat
5159,rnaseqWrapper
5160,RnavGraphImageData
5161,rnbn
5162,RNCBIEUtilsLibs
5163,RNCEP
5164,rncl
5165,RND
5166,RNeo4j
5167,rneos
5168,RNetLogo
5169,RNeXML
5170,rngSetSeed
5171,rngtools
5172,rngWELL
5173,rngwell19937
5174,RNiftyReg
5175,rNMF
5176,rNOMADS
5177,ROAuth
5178,RobAStBase
5179,robCompositions
5180,robcor
5181,robeth
5182,robfilter
5183,RobPer
5184,RobRex
5185,RobRSVD
5186,RObsDat
5187,robumeta
5188,robust
5189,RobustAFT
5190,robustbase
5191,robustDA
5192,RobustEM
5193,robustfa
5194,robustgam
5195,robustHD
5196,robustlmm
5197,robustloggamma
5198,RobustRankAggreg
5199,robustreg
5200,robustvarComp
5201,robustX
5202,ROC632
5203,rocc
5204,rockchalk
5205,rococo
5206,ROCR
5207,ROCS
5208,ROCt
5209,ROCwoGS
5210,rodd
5211,ROI
5212,ROI.plugin.quadprog
5213,rollply
5214,ROMIplot
5215,R.oo
5216,Rook
5217,RootsExtremaInflections
5218,rootSolve
5219,ropensecretsapi
5220,ROptEst
5221,ROptEstOld
5222,ROptimizely
5223,ROptRegTS
5224,ROSE
5225,rotationForest
5226,rotations
5227,Rothermel
5228,rotl
5229,roughrf
5230,RoughSetKnowledgeReduction
5231,RoughSets
5232,rowr
5233,roxygen2
5234,royston
5235,RPANDA
5236,rpartitions
5237,rpart.plot
5238,rpartScore
5239,rpart.utils
5240,rpca
5241,RPCLR
5242,Rpdb
5243,rpdo
5244,RPEnsemble
5245,rpf
5246,rphast
5247,Rphylip
5248,Rphylopars
5249,rPlant
5250,rplexos
5251,rplos
5252,rplotengine
5253,RPMG
5254,RPMM
5255,rpnf
5256,rportfolios
5257,RPPairwiseDesign
5258,rPref
5259,rprime
5260,rprintf
5261,rpsychi
5262,rpubchem
5263,RPublica
5264,RPushbullet
5265,rqPen
5266,Rquake
5267,rr
5268,Rramas
5269,rrBLUP
5270,rrBlupMethod6
5271,rrcov
5272,rrcovHD
5273,rrcovNA
5274,Rrdrand
5275,rredis
5276,RRF
5277,rriskDistributions
5278,rrlda
5279,RRNA
5280,RRreg
5281,R.rsp
5282,RRTCS
5283,RSA
5284,RSADBE
5285,rsae
5286,RSAGA
5287,Rsampletrees
5288,rsatscan
5289,rSCA
5290,rscala
5291,RSclient
5292,rscproxy
5293,RSDA
5294,rsdepth
5295,rsdmx
5296,rseedcalc
5297,RSEIS
5298,RSelenium
5299,rsem
5300,Rserve
5301,rSFA
5302,rsggm
5303,RSGHB
5304,RSiena
5305,RsimMosaic
5306,RSiteCatalyst
5307,RSKC
5308,rsm
5309,rsml
5310,RSNNS
5311,rsnps
5312,RSocrata
5313,RSofia
5314,Rsolnp
5315,Rsomoclu
5316,rspa
5317,rSPACE
5318,rspear
5319,RSpincalc
5320,RSPS
5321,RSQLite
5322,RSQLServer
5323,rstackdeque
5324,rstan
5325,RStars
5326,rstiefel
5327,RStorm
5328,rstpm2
5329,rstream
5330,rstudioapi
5331,rsubgroup
5332,Rsundials
5333,rsunlight
5334,Rsurrogate
5335,RSurveillance
5336,RSvgDevice
5337,RSVGTipsDevice
5338,rSymPy
5339,rtable
5340,rTableICC
5341,rtape
5342,RTConnect
5343,RTDE
5344,rtematres
5345,rTensor
5346,RTextTools
5347,RTextureMetrics
5348,rtf
5349,rtfbs
5350,rtimes
5351,rtkpp
5352,RTOMO
5353,rtop
5354,RTriangle
5355,rts
5356,Rtsne
5357,Rttf2pt1
5358,Rtts
5359,Rtwalk
5360,rtype
5361,Ruchardet
5362,rucm
5363,rugarch
5364,rUnemploymentData
5365,RUnit
5366,runittotestthat
5367,Runiversal
5368,runjags
5369,Runuran
5370,R.utils
5371,ruv
5372,rv
5373,RVAideMemoire
5374,rvalues
5375,Rvcg
5376,rversions
5377,rvertnet
5378,rvest
5379,RVFam
5380,rvgtest
5381,rvHPDT
5382,Rvmmin
5383,RVsharing
5384,rvTDT
5385,RVtests
5386,Rwave
5387,RWBP
5388,RWeather
5389,RWebLogo
5390,RWeka
5391,RWekajars
5392,RWiener
5393,Rwinsteps
5394,rwirelesscom
5395,rworldmap
5396,rworldxtra
5397,rwt
5398,rwunderground
5399,RxCEcolInf
5400,RXKCD
5401,RXMCDA
5402,RxnSim
5403,RxODE
5404,RXshrink
5405,Ryacas
5406,RYoudaoTranslate
5407,ryouready
5408,rYoutheria
5409,rysgran
5410,s20x
5411,s4vd
5412,Sabermetrics
5413,sac
5414,saccades
5415,SACCR
5416,SACOBRA
5417,sadists
5418,sads
5419,sae
5420,sae2
5421,saemix
5422,SAENET
5423,saery
5424,saeSim
5425,SAFD
5426,safeBinaryRegression
5427,safi
5428,SAGA
5429,SAM
5430,SamplerCompare
5431,sampleSelection
5432,samplesize
5433,Sample.Size
5434,samplesize4surveys
5435,SampleSizeMeans
5436,SampleSizeProportions
5437,sampling
5438,samplingbook
5439,samplingEstimates
5440,SamplingStrata
5441,samplingVarEst
5442,sampSurf
5443,SAMUR
5444,SAMURAI
5445,sand
5446,sandwich
5447,sanitizers
5448,sanon
5449,sapa
5450,SAPP
5451,sas7bdat
5452,SAScii
5453,SASmixed
5454,SASPECT
5455,satellite
5456,saturnin
5457,SAVE
5458,saves
5459,saws
5460,sBF
5461,sbgcop
5462,sbioPN
5463,sbmSDP
5464,SBRect
5465,SBSA
5466,sca
5467,scagnostics
5468,Scale
5469,scales
5470,scalreg
5471,scam
5472,scape
5473,scar
5474,scaRabee
5475,scatterD3
5476,scatterplot3d
5477,SCBmeanfd
5478,SCEPtER
5479,SCEPtERbinary
5480,SCGLR
5481,scholar
5482,schoolmath
5483,schoRsch
5484,schumaker
5485,schwartz97
5486,SCI
5487,scidb
5488,SciencesPo
5489,scio
5490,sciplot
5491,SciViews
5492,SCMA
5493,score
5494,ScoreGGUM
5495,scorer
5496,SCORER2
5497,scoring
5498,ScottKnott
5499,scout
5500,SCperf
5501,ScrabbleScore
5502,scrapeR
5503,ScreenClean
5504,scrime
5505,scriptests
5506,scrm
5507,SCRT
5508,scrypt
5509,scuba
5510,SCVA
5511,sda
5512,SDaA
5513,sdcMicro
5514,sdcTarget
5515,SDDE
5516,sddpack
5517,sde
5518,sdef
5519,SDMTools
5520,sdmvspecies
5521,sdnet
5522,sdPrior
5523,sdprisk
5524,SDR
5525,sdtoolkit
5526,sdwd
5527,seacarb
5528,sealasso
5529,searchable
5530,searchConsoleR
5531,SearchTrees
5532,seas
5533,SEAsic
5534,season
5535,seasonal
5536,seawaveQ
5537,SEchart
5538,SECP
5539,secr
5540,secrdesign
5541,secrlinear
5542,seedy
5543,seeg
5544,seem
5545,SEER2R
5546,SEERaBomb
5547,seg
5548,SegCorr
5549,segmag
5550,segmented
5551,Segmentor3IsBack
5552,seismic
5553,seismicRoll
5554,Sejong
5555,SEL
5556,selectiongain
5557,selectiveInference
5558,selectMeta
5559,selectr
5560,selectspm
5561,SeleMix
5562,selfea
5563,selfingTree
5564,SelvarMix
5565,sem
5566,semdiag
5567,semGOF
5568,semiArtificial
5569,SEMID
5570,SemiMarkov
5571,SemiPar
5572,semisupKernelPCA
5573,SEMModComp
5574,semPlot
5575,semPLS
5576,semsfa
5577,semTools
5578,sendmailR
5579,sensitivity
5580,SensitivityCaseControl
5581,sensitivitymv
5582,sensitivitymw
5583,sensitivityPStrat
5584,SensMixed
5585,SensoMineR
5586,sensory
5587,sensR
5588,SenSrivastava
5589,SensusR
5590,separationplot
5591,seqCBS
5592,seqDesign
5593,seqinr
5594,seqMeta
5595,seqminer
5596,seqmon
5597,seqPERM
5598,seqRFLP
5599,sequences
5600,Sequential
5601,seriation
5602,seroincidence
5603,servr
5604,sesem
5605,session
5606,SetMethods
5607,SETPath
5608,setRNG
5609,sets
5610,settings
5611,setwidth
5612,severity
5613,sExtinct
5614,sfa
5615,sfsmisc
5616,sft
5617,SGCS
5618,sgd
5619,sgeostat
5620,SGL
5621,sglasso
5622,sglOptim
5623,sglr
5624,sgof
5625,SGP
5626,sGPCA
5627,SGPdata
5628,sgPLS
5629,sgr
5630,sgRSEA
5631,sgt
5632,shape
5633,ShapeChange
5634,shapefiles
5635,shapeR
5636,shapes
5637,SharpeR
5638,sharpshootR
5639,sharx
5640,SHELF
5641,shiny
5642,shinyAce
5643,shinybootstrap2
5644,shinyBS
5645,shinydashboard
5646,shinyFiles
5647,shinyjs
5648,shinyRGL
5649,shinystan
5650,shinythemes
5651,shinyTree
5652,SHIP
5653,shopifyr
5654,shotGroups
5655,showtext
5656,showtextdb
5657,shp2graph
5658,shrink
5659,ShrinkCovMat
5660,shuffle
5661,siar
5662,SIBER
5663,sideChannelAttack
5664,sidier
5665,sievetest
5666,sig
5667,sigclust
5668,SightabilityModel
5669,sigloc
5670,signal
5671,signalHsmm
5672,signmedian.test
5673,SII
5674,simba
5675,simboot
5676,simcausal
5677,SimComp
5678,SimCorMultRes
5679,simctest
5680,SimDesign
5681,Sim.DiffProc
5682,simecol
5683,simest
5684,simex
5685,simexaft
5686,simFrame
5687,SimHaz
5688,SimilarityMeasures
5689,Simile
5690,simmr
5691,SIMMS
5692,simMSM
5693,simone
5694,simPH
5695,simpleboot
5696,simpleNeural
5697,SimpleTable
5698,SimplicialCubature
5699,simplr
5700,simPop
5701,Simpsons
5702,simrel
5703,simsalapar
5704,simsem
5705,SimSeq
5706,simSummary
5707,simTool
5708,SimuChemPC
5709,SimultAnR
5710,SIN
5711,sinaplot
5712,siplab
5713,siRSM
5714,sirt
5715,SIS
5716,sisal
5717,sisus
5718,sisVIVE
5719,sitar
5720,sitools
5721,sivipm
5722,SixSigma
5723,SiZer
5724,sjdbc
5725,sjmisc
5726,sjPlot
5727,SKAT
5728,skatMeta
5729,skda
5730,skellam
5731,SkewHyperbolic
5732,skewt
5733,Skillings.Mack
5734,skmeans
5735,sla
5736,slackr
5737,slam
5738,SLC
5739,sld
5740,Sleuth2
5741,Sleuth3
5742,slfm
5743,SLHD
5744,SLOPE
5745,slp
5746,sm
5747,smaa
5748,smac
5749,smacof
5750,smacpod
5751,smallarea
5752,smam
5753,SmarterPoland
5754,smatr
5755,smbinning
5756,SMC
5757,smcfcs
5758,smco
5759,SMCP
5760,SMCRM
5761,smcure
5762,smcUtils
5763,smdata
5764,smdc
5765,smds
5766,sme
5767,smerc
5768,SMFI5
5769,smfsb
5770,smint
5771,SMIR
5772,smirnov
5773,SmithWilsonYieldCurve
5774,SML
5775,SMNCensReg
5776,smnet
5777,smoof
5778,smoother
5779,SmoothHazard
5780,smoothHR
5781,smoothie
5782,smoothmest
5783,smoothSurv
5784,smoothtail
5785,SMPracticals
5786,SMR
5787,sms
5788,smss
5789,SMVar
5790,sn
5791,sna
5792,snapshot
5793,SNFtool
5794,snht
5795,snipEM
5796,snn
5797,snow
5798,SnowballC
5799,snowfall
5800,snowFT
5801,snpar
5802,SNPassoc
5803,SNPmaxsel
5804,snp.plotter
5805,snpRF
5806,sns
5807,SNSequate
5808,SOAR
5809,soc.ca
5810,SocialMediaMineR
5811,SocialNetworks
5812,SocialPosition
5813,SOD
5814,SoDA
5815,SODC
5816,Sofi
5817,softclassval
5818,SoftClustering
5819,softImpute
5820,soilDB
5821,soilprofile
5822,SoilR
5823,soiltexture
5824,soilwater
5825,solaR
5826,solarius
5827,solidearthtide
5828,SOLOMON
5829,solr
5830,som
5831,soma
5832,SOMbrero
5833,somebm
5834,someKfwer
5835,someMTP
5836,somplot
5837,sonicLength
5838,soobench
5839,SOPIE
5840,SOR
5841,SortableHTMLTables
5842,sortinghat
5843,sorvi
5844,sos
5845,sos4R
5846,sotkanet
5847,SoundexBR
5848,SOUP
5849,source.gist
5850,SoyNAM
5851,sp
5852,sp23design
5853,spa
5854,SPA3G
5855,spaa
5856,space
5857,SPACECAP
5858,spaceExt
5859,spacejam
5860,spacetime
5861,spacodiR
5862,spacom
5863,SpaDES
5864,spam
5865,spaMM
5866,spanel
5867,spanr
5868,SPAr
5869,sparc
5870,sparcl
5871,spareserver
5872,spark
5873,sparktex
5874,SPARQL
5875,sparr
5876,sparseBC
5877,sparsediscrim
5878,SparseFactorAnalysis
5879,SparseGrid
5880,sparseHessianFD
5881,sparseLDA
5882,SparseLearner
5883,sparseLTSEigen
5884,SparseM
5885,sparseMVN
5886,sparsenet
5887,sparsereg
5888,sparseSEM
5889,SparseTSCGM
5890,spartan
5891,spatcounts
5892,spatgraphs
5893,spatialCovariance
5894,SpatialEpi
5895,SpatialExtremes
5896,spatialfil
5897,spatial.gev.bma
5898,spatialkernel
5899,spatialnbda
5900,SpatialNP
5901,SpatialPack
5902,SpatialPosition
5903,spatialprobit
5904,spatialsegregation
5905,spatialTailDep
5906,SpatialTools
5907,SpatialVx
5908,SpatioTemporal
5909,SpatPCA
5910,spatstat
5911,spBayes
5912,spBayesSurv
5913,spc
5914,spcadjust
5915,spcosa
5916,spcov
5917,spcr
5918,spd
5919,spdep
5920,spduration
5921,spdynmod
5922,spe
5923,speccalt
5924,SpecHelpers
5925,SPECIES
5926,speciesgeocodeR
5927,SpeciesMix
5928,specificity
5929,SpecsVerification
5930,spectralGP
5931,speedglm
5932,speff2trial
5933,SPEI
5934,sperrorest
5935,spfrontier
5936,spgrass6
5937,spgs
5938,spgwr
5939,sphereplot
5940,SphericalCubature
5941,SphericalK
5942,SpherWave
5943,sphet
5944,spi
5945,SPIAssay
5946,spider
5947,spiders
5948,spikeslab
5949,spikeSlabGAM
5950,SPIn
5951,spinyReg
5952,splancs
5953,splitstackshape
5954,splm
5955,spls
5956,splus2R
5957,splusTimeDate
5958,splusTimeSeries
5959,spMC
5960,SPmlficmcm
5961,spnet
5962,sporm
5963,SportsAnalytics
5964,SPOT
5965,SPREDA
5966,sprex
5967,sprinter
5968,sprm
5969,sprsmdl
5970,SPRT
5971,spsann
5972,spsi
5973,SPSL
5974,spsmooth
5975,spt
5976,spTDyn
5977,spTest
5978,spThin
5979,spTimer
5980,sptm
5981,spuRs
5982,sqldf
5983,sqliter
5984,sqlutils
5985,SQN
5986,SQUAREM
5987,squash
5988,sra
5989,SRCS
5990,srd
5991,sROC
5992,SRRS
5993,ss3sim
5994,ssanv
5995,sscor
5996,ssd
5997,SSDforR
5998,sSDR
5999,ssfa
6000,ssfit
6001,ssh.utils
6002,ssize.fdr
6003,ssmrob
6004,SSN
6005,sspline
6006,sspse
6007,SSrat
6008,SSRMST
6009,sss
6010,SSsimple
6011,ssvd
6012,ssym
6013,st
6014,stabledist
6015,StableEstim
6016,stabs
6017,Stack
6018,stackoverflow
6019,stagePop
6020,stam
6021,StAMPP
6022,STAND
6023,StandardizeText
6024,StanHeaders
6025,STAR
6026,stargazer
6027,starma
6028,startupmsg
6029,stashR
6030,Stat2Data
6031,statar
6032,statcheck
6033,StatDA
6034,StatDataML
6035,statebins
6036,statfi
6037,stationaRy
6038,StatMatch
6039,StatMeasures
6040,StatMethRank
6041,statmod
6042,statnet
6043,statnet.common
6044,statnetWeb
6045,staTools
6046,StatRank
6047,stcm
6048,steepness
6049,stellaR
6050,Stem
6051,STEPCAM
6052,stepp
6053,stepPlr
6054,stepR
6055,stepwise
6056,stheoreme
6057,STI
6058,stilt
6059,stima
6060,stinepack
6061,stm
6062,stmBrowser
6063,stmCorrViz
6064,STMedianPolish
6065,StMoMo
6066,StMoSim
6067,stocc
6068,stochprofML
6069,stochvol
6070,StockChina
6071,stockPortfolio
6072,stocks
6073,stoichcalc
6074,Storm
6075,stosim
6076,STPGA
6077,stpp
6078,stppResid
6079,StrainRanking
6080,strap
6081,strataG
6082,stratification
6083,stratigraph
6084,StratSel
6085,straweib
6086,stream
6087,StreamMetabolism
6088,streamMOA
6089,streamR
6090,stremo
6091,stressr
6092,StressStrength
6093,stringdist
6094,stringi
6095,stringr
6096,strucchange
6097,stsm.class
6098,stylo
6099,SubCultCon
6100,subgroup
6101,SubLasso
6102,SubpathwayGMir
6103,subplex
6104,subrank
6105,subscore
6106,subselect
6107,subsemble
6108,subspace
6109,subtype
6110,sudoku
6111,sudokuAlt
6112,SUE
6113,summarytools
6114,Sunder
6115,SunterSampling
6116,supclust
6117,supcluster
6118,superdiag
6119,SuperLearner
6120,superMDS
6121,superpc
6122,SuppDists
6123,support.BWS
6124,support.CEs
6125,surface
6126,Surrogate
6127,suRtex
6128,surv2sampleComp
6129,survAccuracyMeasures
6130,survAUC
6131,survC1
6132,SurvCorr
6133,surveillance
6134,survexp.fr
6135,survey
6136,surveydata
6137,surveyeditor
6138,Survgini
6139,survIDINRI
6140,survivalMPL
6141,survivalROC
6142,survJamda.data
6143,SurvLong
6144,survMisc
6145,survPresmooth
6146,SurvRank
6147,survrec
6148,SurvRegCensCov
6149,survRM2
6150,survsim
6151,sValues
6152,svapls
6153,svcm
6154,svd
6155,svDialogs
6156,svDialogstcltk
6157,svdvisual
6158,svgPanZoom
6159,svGUI
6160,svgViewR
6161,svHttp
6162,svIDE
6163,svKomodo
6164,svMisc
6165,SVMMaj
6166,SVMMatch
6167,svmpath
6168,svs
6169,svSocket
6170,svSweave
6171,svTools
6172,svUnit
6173,svWidgets
6174,SvyNom
6175,svyPVpack
6176,SwarmSVM
6177,SWATmodel
6178,SweaveListingUtils
6179,sweidnumbr
6180,swfscMisc
6181,swirl
6182,SwissAir
6183,switchnpreg
6184,switchr
6185,switchrGist
6186,SWMPr
6187,sybil
6188,sybilccFBA
6189,sybilcycleFreeFlux
6190,sybilDynFBA
6191,sybilEFBA
6192,symbolicDA
6193,symbols
6194,symmoments
6195,synbreed
6196,synbreedData
6197,synchronicity
6198,synchrony
6199,SynchWave
6200,SyncMove
6201,SYNCSA
6202,SynergizeR
6203,SyNet
6204,synlik
6205,synRNASeqNet
6206,Synth
6207,synthpop
6208,sysfonts
6209,systemfit
6210,systemicrisk
6211,syuzhet
6212,tab
6213,taber
6214,Table1Heatmap
6215,table1xls
6216,TableMonster
6217,tableone
6218,tableplot
6219,tables
6220,TableToLongForm
6221,tabplot
6222,tabplotd3
6223,tabuSearch
6224,tagcloud
6225,tailloss
6226,TAM
6227,TANOVA
6228,TaoTeProgramming
6229,TapeR
6230,TAQMNGR
6231,taRifx
6232,tau
6233,TauP.R
6234,TauStar
6235,tawny
6236,tawny.types
6237,taxize
6238,Taxonstand
6239,tbart
6240,tbdiag
6241,TBEST
6242,TBSSurvival
6243,tcltk2
6244,tclust
6245,tcR
6246,TDA
6247,TDAmapper
6248,TDboost
6249,TDCor
6250,TDD
6251,TDMR
6252,tdr
6253,tdthap
6254,TeachingDemos
6255,TeachingSampling
6256,TeachNet
6257,TED
6258,TEEReg
6259,teigen
6260,tempdisagg
6261,tensor
6262,tensorA
6263,TEQR
6264,TERAplusB
6265,tergm
6266,termstrc
6267,ternvis
6268,TESS
6269,tester
6270,TestingSimilarity
6271,testit
6272,TestScorer
6273,TestSurvRec
6274,testthat
6275,testthatsomemore
6276,texmex
6277,texmexseq
6278,TExPosition
6279,texreg
6280,textcat
6281,textir
6282,textometry
6283,textreg
6284,TFDEA
6285,tfer
6286,TFMPvalue
6287,tfplot
6288,tframe
6289,tframePlus
6290,TFX
6291,tgcd
6292,tglm
6293,tgp
6294,tgram
6295,TH.data
6296,Thermimage
6297,thermocouple
6298,thgenetics
6299,Thinknum
6300,ThreeArmedTrials
6301,threeboost
6302,ThreeGroups
6303,threejs
6304,ThreeWay
6305,threewords
6306,threg
6307,ThresholdROC
6308,thsls
6309,tibbrConnector
6310,TickExec
6311,tictoc
6312,TiddlyWikiR
6313,Tides
6314,tidyjson
6315,tidyr
6316,tiger
6317,tigerstats
6318,tightClust
6319,tileHMM
6320,TilePlot
6321,timeDate
6322,timedelay
6323,timeit
6324,timeline
6325,TimeMachine
6326,timeordered
6327,TimeProjection
6328,timereg
6329,timeROC
6330,timesboot
6331,timeSeries
6332,timetools
6333,timetree
6334,TimeWarp
6335,timma
6336,TIMP
6337,timsac
6338,Tinflex
6339,TInPosition
6340,TipDatingBeast
6341,tipom
6342,tis
6343,titan
6344,titanic
6345,tkrgl
6346,tkrplot
6347,TLBC
6348,tlemix
6349,tlm
6350,tlmec
6351,tlnise
6352,tm
6353,TMB
6354,TMDb
6355,tmg
6356,Tmisc
6357,tmle
6358,tmlenet
6359,tmle.npvi
6360,tmod
6361,tm.plugin.alceste
6362,tm.plugin.dc
6363,tm.plugin.europresse
6364,tm.plugin.factiva
6365,tm.plugin.lexisnexis
6366,tm.plugin.mail
6367,tm.plugin.webmining
6368,tmvnsim
6369,tmvtnorm
6370,tnam
6371,tnet
6372,tolerance
6373,toOrdinal
6374,TopKLists
6375,topmodel
6376,topsis
6377,tosls
6378,tourr
6379,toxtestD
6380,tpe
6381,TP.idm
6382,TPmsm
6383,tpr
6384,TR8
6385,track
6386,TrackReconstruction
6387,tractor.base
6388,traitr
6389,traits
6390,Traitspace
6391,traj
6392,trajectories
6393,TraMineR
6394,TraMineRextras
6395,TRAMPR
6396,transcribeR
6397,translate
6398,translateR
6399,translateSPSS2R
6400,translation.ko
6401,TransModel
6402,transport
6403,trapezoid
6404,TRD
6405,TreatmentSelection
6406,tree
6407,treebase
6408,treeclim
6409,treeClust
6410,treecm
6411,treelet
6412,treemap
6413,TreePar
6414,treeperm
6415,treescape
6416,TreeSim
6417,TreeSimGM
6418,treethresh
6419,trend
6420,TrialSize
6421,triangle
6422,trib
6423,trifield
6424,TriMatch
6425,trimcluster
6426,trimr
6427,trimTrees
6428,trioGxE
6429,trip
6430,tripack
6431,TripleR
6432,trotter
6433,TRSbook
6434,trueskill
6435,truncdist
6436,truncgof
6437,truncnorm
6438,truncreg
6439,truncSP
6440,trust
6441,trustOptim
6442,TSA
6443,tsallisqexp
6444,tsbridge
6445,tsbugs
6446,tsc
6447,TSclust
6448,TScompare
6449,tscount
6450,TSdata
6451,TSdbi
6452,TSdist
6453,tsDyn
6454,tseries
6455,tseriesChaos
6456,tseriesEntropy
6457,tsfa
6458,TSfame
6459,TSHRC
6460,tsintermittent
6461,TSMining
6462,TSmisc
6463,tsModel
6464,tsna
6465,tsne
6466,TSP
6467,Tsphere
6468,tspmeta
6469,TSPred
6470,TSsdmx
6471,TSsql
6472,TSSQLite
6473,TSTr
6474,TSTutorial
6475,TTAinterfaceTrendAnalysis
6476,tth
6477,TTmoment
6478,TTR
6479,TTS
6480,ttutils
6481,ttwa
6482,tufterhandout
6483,TukeyC
6484,tumblR
6485,tumgr
6486,TunePareto
6487,tuneR
6488,tuple
6489,turboEM
6490,turfR
6491,turner
6492,TurtleGraphics
6493,TUWmodel
6494,tvd
6495,tvm
6496,twang
6497,tweedie
6498,twiddler
6499,twitteR
6500,TwoCop
6501,twoStageGwasPower
6502,twostageTE
6503,TwoStepCLogit
6504,txtplot
6505,UBCRM
6506,ucbthesis
6507,ucminf
6508,ukgasapi
6509,ump
6510,umx
6511,unbalanced
6512,unbalhaar
6513,UNF
6514,unfoldr
6515,Unicode
6516,uniCox
6517,uniftest
6518,uniqtag
6519,uniqueAtomMat
6520,uniReg
6521,unitedR
6522,unittest
6523,unmarked
6524,untb
6525,upclass
6526,uplift
6527,UPMASK
6528,UpSetR
6529,uptimeRobot
6530,urca
6531,urltools
6532,UScensus2000cdp
6533,UScensus2000tract
6534,UScensus2010
6535,usdm
6536,useful
6537,userfriendlyscience
6538,UsingR
6539,uskewFactors
6540,usl
6541,ustyc
6542,utility
6543,uuid
6544,UWHAM
6545,vacem
6546,validate
6547,valottery
6548,varbvs
6549,varComp
6550,vardiag
6551,vardpoor
6552,VaRES
6553,VAR.etp
6554,varhandle
6555,VariABEL
6556,varian
6557,VarianceGamma
6558,vars
6559,VarSelLCM
6560,varSelRF
6561,VarSwapPrice
6562,vartors
6563,vbdm
6564,vbsr
6565,VCA
6566,vcd
6567,vcdExtra
6568,vcrpart
6569,VDA
6570,vdg
6571,Vdgraph
6572,VdgRsm
6573,vdmR
6574,vec2dtransf
6575,vecsets
6576,VecStatGraphs2D
6577,VecStatGraphs3D
6578,vegan
6579,vegan3d
6580,vegclust
6581,vegdata
6582,vegetarian
6583,VennDiagram
6584,venneuler
6585,verification
6586,versions
6587,vertexenum
6588,vetools
6589,VGAM
6590,VGAMdata
6591,VHDClassification
6592,VideoComparison
6593,VIF
6594,VIFCP
6595,VIGoR
6596,VIM
6597,violinmplot
6598,vioplot
6599,viopoints
6600,viridis
6601,virtualspecies
6602,visNetwork
6603,visreg
6604,visualFields
6605,visualize
6606,vitality
6607,VizOR
6608,VLF
6609,VLMC
6610,VNM
6611,Voss
6612,vowels
6613,VoxR
6614,VPdtw
6615,vrmlgen
6616,vrtest
6617,vscc
6618,VSURF
6619,vtreat
6620,vudc
6621,vwr
6622,W2CWM2C
6623,W3CMarkupValidator
6624,waffect
6625,waffle
6626,wahc
6627,walkr
6628,walkscoreAPI
6629,WARN
6630,wasim
6631,waterData
6632,WaterML
6633,Wats
6634,waveband
6635,waved
6636,WaveletComp
6637,wavelets
6638,wavemulcor
6639,waveslim
6640,wavethresh
6641,wBoot
6642,wbs
6643,wbsts
6644,wccsom
6645,WCE
6646,WCQ
6647,WDI
6648,weatherData
6649,weatherr
6650,webchem
6651,webreadr
6652,webuse
6653,webutils
6654,webvis
6655,wec
6656,WeightedCluster
6657,WeightedPortTest
6658,weightedScores
6659,weights
6660,weirs
6661,wellknown
6662,wesanderson
6663,wfe
6664,wgaim
6665,WhatIf
6666,whisker
6667,WhiteStripe
6668,whoami
6669,whoapi
6670,WhopGenome
6671,widals
6672,widenet
6673,wikibooks
6674,WikidataR
6675,WikipediaR
6676,wikipediatrend
6677,WikipediR
6678,WilcoxCV
6679,windex
6680,wingui
6681,wiod
6682,WiSEBoot
6683,withr
6684,witness
6685,wkb
6686,wle
6687,WMDB
6688,wmlf
6689,wmtsa
6690,wnominate
6691,woe
6692,wombsoft
6693,wordcloud
6694,wordmatch
6695,wordnet
6696,WordPools
6697,wpp2008
6698,wpp2010
6699,wpp2012
6700,wpp2015
6701,wppExplorer
6702,wq
6703,wqs
6704,wrassp
6705,WrightMap
6706,write.snns
6707,WriteXLS
6708,WRS2
6709,wrspathrowData
6710,wskm
6711,wsrf
6712,wSVM
6713,wtcrsk
6714,WufooR
6715,WWGbook
6716,x12
6717,XBRL
6718,x.ent
6719,xergm
6720,xergm.common
6721,xgboost
6722,xgobi
6723,xhmmScripts
6724,XHWE
6725,XiMpLe
6726,xkcd
6727,XLConnect
6728,XLConnectJars
6729,xlsx
6730,xlsxjars
6731,xmeta
6732,Xmisc
6733,XML
6734,xml2
6735,XML2R
6736,XMRF
6737,XNomial
6738,xoi
6739,xpose4
6740,xtable
6741,xtal
6742,xtermStyle
6743,xts
6744,yacca
6745,yaImpute
6746,yakmoR
6747,YaleToolkit
6748,yaml
6749,ycinterextra
6750,yhat
6751,yhatr
6752,YieldCurve
6753,ykmeans
6754,YplantQMC
6755,YPmodel
6756,YuGene
6757,yuima
6758,zCompositions
6759,ZeBook
6760,Zelig
6761,ZeligChoice
6762,ZeligMultilevel
6763,zendeskR
6764,zetadiv
6765,zic
6766,ZIM
6767,zipcode
6768,zipfR
6769,zoeppritz
6770,zoib
6771,zoo
6772,zooaRch
6773,zooimage
6774,zoom
6775,ZRA
6776,ztable
6777,zyp
6778,coda
6779,rgl
6780,rjags
6781,rJava
6782,base
6783,boot
6784,class
6785,cluster
6786,codetools
6787,compiler
6788,datasets
6789,foreign
6790,graphics
6791,grDevices
6792,grid
6793,KernSmooth
6794,lattice
6795,MASS
6796,Matrix
6797,methods
6798,mgcv
6799,nlme
6800,nnet
6801,parallel
6802,rpart
6803,spatial
6804,splines
6805,stats
6806,stats4
6807,survival
6808,tcltk
6809,tools
6810,utils
6811,NA
